# 500 verse-aligned en/ru pairs, for F-2's exit test (SMYSL-2.1 Section 4.3.2).
# Public domain: KJV 1769 (eng-kjv) and Russian Synodal 1876 (russyn), ebible.org
# verse-per-line editions. Chosen by blake2b of the verse key, so the set is
# reproducible; see scripts/calibrate_estimator.py for the weights themselves.
# ref	en	ru
1CH 12:38	All these men of war, that could keep rank, came with a perfect heart to Hebron, to make David king over all Israel: and all the rest also of Israel [were] of one heart to make David king.	Все эти воины, в строю, от полного сердца пришли в Хеврон воцарить Давида над всем Израилем. Да и все прочие Израильтяне были единодушны, чтобы воцарить Давида.
1CH 16:43	And all the people departed every man to his house: and David returned to bless his house.	И пошел весь народ, каждый в свой дом; возвратился и Давид, чтобы благословить дом свой.
1CH 1:10	And Cush begat Nimrod: he began to be mighty upon the earth.	Хуш родил также Нимрода: сей начал быть сильным на земле.
1CH 1:2	Kenan, Mahalaleel, Jered,	Каинан, Малелеил, Иаред,
1CH 21:30	But David could not go before it to enquire of God: for he was afraid because of the sword of the angel of the LORD.	И не мог Давид пойти туда, чтобы взыскать Бога, потому что устрашен был мечом Ангела Господня.
1CH 23:22	And Eleazar died, and had no sons, but daughters: and their brethren the sons of Kish took them.	И умер Елеазар, и не было у него сыновей, а только дочери; и взяли их за себя сыновья Киса, братья их.
1CH 2:3	¶ The sons of Judah; Er, and Onan, and Shelah: [which] three were born unto him of the daughter of Shua the Canaanitess. And Er, the firstborn of Judah, was evil in the sight of the LORD; and he slew him.	Сыновья Иуды: Ир, Онан и Силом, - трое родились у него от дочери Шуевой, Хананеянки. И был Ир, первенец Иудин, не благоугоден в очах Господа, и Он умертвил его.
1CH 4:18	And his wife Jehudijah bare Jered the father of Gedor, and Heber the father of Socho, and Jekuthiel the father of Zanoah. And these [are] the sons of Bithiah the daughter of Pharaoh, which Mered took.	И жена его Иудия родила Иереда, отца Гедора, и Хевера, отца Сохо, и Иекуфиила, отца Занаоха. Это сыновья Бифьи, дочери фараоновой, которую взял Меред.
1CH 4:43	And they smote the rest of the Amalekites that were escaped, and dwelt there unto this day.	и побили уцелевший там остаток Амаликитян, и живут там до сего дня.
1CH 5:15	Ahi the son of Abdiel, the son of Guni, chief of the house of their fathers.	Ахи, сын Авдиила, сына Гуниева, был главою своего рода.
1CH 6:3	And the children of Amram; Aaron, and Moses, and Miriam. The sons also of Aaron; Nadab, and Abihu, Eleazar, and Ithamar.	Дети Амрама: Аарон, Моисей и Мариам. Сыновья Аарона: Надав, Авиуд, Елеазар и Ифамар.
1CH 6:32	And they ministered before the dwelling place of the tabernacle of the congregation with singing, until Solomon had built the house of the LORD in Jerusalem: and [then] they waited on their office according to their order.	Они служили певцами пред скиниею собрания, доколе Соломон не построил дома Господня в Иерусалиме. И они становились на службу свою по уставу своему.
1CH 6:35	The son of Zuph, the son of Elkanah, the son of Mahath, the son of Amasai,	сын Цуфа, сын Елканы, сын Махафа, сын Амасая,
1CH 6:42	The son of Ethan, the son of Zimmah, the son of Shimei,	сын Ефана, сын Зиммы, сын Шимия,
1CH 7:5	And their brethren among all the families of Issachar [were] valiant men of might, reckoned in all by their genealogies fourscore and seven thousand.	Братьев же их, во всех поколениях Иссахаровых, людей воинственных, было восемьдесят семь тысяч, внесенных в родословные записи.
1CH 8:15	And Zebadiah, and Arad, and Ader,	Зевадия, Арад, Едер,
1CH 8:17	And Zebadiah, and Meshullam, and Hezeki, and Heber,	Зевадия, Мешуллам, Хизкий, Хевер,
1CH 8:21	And Adaiah, and Beraiah, and Shimrath, the sons of Shimhi;	Адаия, Бераия и Шимраф - сыновья Шимея.
1CH 9:2	¶ Now the first inhabitants that [dwelt] in their possessions in their cities [were], the Israelites, the priests, Levites, and the Nethinims.	Первые жители, которые жили во владениях своих, по городам Израильским, были Израильтяне, священники, левиты и нефинеи.
1CH 9:22	All these [which were] chosen to be porters in the gates [were] two hundred and twelve. These were reckoned by their genealogy in their villages, whom David and Samuel the seer did ordain in their set office.	Всех их, выбранных в привратники к порогам, было двести двенадцать. Они внесены в список по селениям своим. Их поставил Давид и Самуил-прозорливец за верность их.
1CH 9:32	And [other] of their brethren, of the sons of the Kohathites, [were] over the shewbread, to prepare [it] every sabbath.	Некоторым из братьев их, из сынов Каафовых, поручено было заготовление хлебов предложения, чтобы представлять их каждую субботу.
1CO 14:30	If [any thing] be revealed to another that sitteth by, let the first hold his peace.	Если же другому из сидящих будет откровение, то первый молчи.
1CO 15:34	Awake to righteousness, and sin not; for some have not the knowledge of God: I speak [this] to your shame.	Отрезвитесь, как должно, и не грешите; ибо, к стыду вашему скажу, некоторые из вас не знают Бога.
1CO 3:10	According to the grace of God which is given unto me, as a wise masterbuilder, I have laid the foundation, and another buildeth thereon. But let every man take heed how he buildeth thereupon.	Я, по данной мне от Бога благодати, как мудрый строитель, положил основание, а другой строит на нем; но каждый смотри, как строит.
1CO 7:11	But and if she depart, let her remain unmarried, or be reconciled to [her] husband: and let not the husband put away [his] wife.	если же разведется, то должна оставаться безбрачною или примириться с мужем своим, - и мужу не оставлять жены своей.
1CO 7:19	Circumcision is nothing, and uncircumcision is nothing, but the keeping of the commandments of God.	Обрезание ничто и необрезание ничто, но все в соблюдении заповедей Божиих.
1CO 9:15	But I have used none of these things: neither have I written these things, that it should be so done unto me: for [it were] better for me to die, than that any man should make my glorying void.	Но я не пользовался ничем таковым. И написал это не для того, чтобы так было для меня. Ибо для меня лучше умереть, нежели чтобы кто уничтожил похвалу мою.
1JO 2:13	I write unto you, fathers, because ye have known him [that is] from the beginning. I write unto you, young men, because ye have overcome the wicked one. I write unto you, little children, because ye have known the Father.	Пишу вам, отцы, потому что вы познали Сущего от начала. Пишу вам, юноши, потому что вы победили лукавого. Пишу вам, отроки, потому что вы познали Отца.
1JO 4:9	In this was manifested the love of God toward us, because that God sent his only begotten Son into the world, that we might live through him.	Любовь Божия к нам открылась в том, что Бог послал в мир Единородного Сына Своего, чтобы мы получили жизнь через Него.
1JO 5:15	And if we know that he hear us, whatsoever we ask, we know that we have the petitions that we desired of him.	А когда мы знаем, что Он слушает нас во всем, чего бы мы ни просили, - знаем и то, что получаем просимое от Него.
1KI 12:7	And they spake unto him, saying, If thou wilt be a servant unto this people this day, and wilt serve them, and answer them, and speak good words to them, then they will be thy servants for ever.	Они говорили ему и сказали: если ты на сей день будешь слугою народу сему и услужишь ему, и удовлетворишь им и будешь говорить им ласково, то они будут твоими рабами на все дни.
1KI 16:15	¶ In the twenty and seventh year of Asa king of Judah did Zimri reign seven days in Tirzah. And the people [were] encamped against Gibbethon, which [belonged] to the Philistines.	В двадцать седьмой год Асы, царя Иудейского, воцарился Замврий и царствовал семь дней в Фирце, когда народ осаждал Гавафон Филистимский.
1KI 18:17	¶ And it came to pass, when Ahab saw Elijah, that Ahab said unto him, [Art] thou he that troubleth Israel?	Когда Ахав увидел Илию, то сказал Ахав ему: ты ли это, смущающий Израиля?
1KI 22:11	And Zedekiah the son of Chenaanah made him horns of iron: and he said, Thus saith the LORD, With these shalt thou push the Syrians, until thou have consumed them.	И сделал себе Седекия, сын Хенааны, железные рога, и сказал: так говорит Господь: сими избодешь Сириян до истребления их.
1KI 4:4	And Benaiah the son of Jehoiada [was] over the host: and Zadok and Abiathar [were] the priests:	Ванея, сын Иодая, военачальник; Садок и Авиафар - священники;
1KI 6:3	And the porch before the temple of the house, twenty cubits [was] the length thereof, according to the breadth of the house; [and] ten cubits [was] the breadth thereof before the house.	и притвор пред храмом в двадцать локтей длины, соответственно ширине храма, и в десять локтей ширины пред храмом.
1KI 6:8	The door for the middle chamber [was] in the right side of the house: and they went up with winding stairs into the middle [chamber], and out of the middle into the third.	Вход в средний ярус был с правой стороны храма. По круглым лестницам всходили в средний ярус, а от среднего в третий.
1KI 8:19	Nevertheless thou shalt not build the house; but thy son that shall come forth out of thy loins, he shall build the house unto my name.	однако не ты построишь храм, а сын твой, исшедший из чресл твоих, он построит храм имени Моему”.
1PE 3:16	Having a good conscience; that, whereas they speak evil of you, as of evildoers, they may be ashamed that falsely accuse your good conversation in Christ.	Имейте добрую совесть, дабы тем, за что злословят вас, как злодеев, были постыжены порицающие ваше доброе житие во Христе.
1PE 3:9	Not rendering evil for evil, or railing for railing: but contrariwise blessing; knowing that ye are thereunto called, that ye should inherit a blessing.	не воздавайте злом за зло или ругательством за ругательство; напротив, благословляйте, зная, что вы к тому призваны, чтобы наследовать благословение.
1PE 4:16	Yet if [any man suffer] as a Christian, let him not be ashamed; but let him glorify God on this behalf.	а если как Христианин, то не стыдись, но прославляй Бога за такую участь.
1PE 4:4	Wherein they think it strange that ye run not with [them] to the same excess of riot, speaking evil of [you]:	почему они и дивятся, что вы не участвуете с ними в том же распутстве, и злословят вас.
1PE 5:11	To him [be] glory and dominion for ever and ever. Amen.	Ему слава и держава во веки веков. Аминь.
1SA 11:3	And the elders of Jabesh said unto him, Give us seven days’ respite, that we may send messengers unto all the coasts of Israel: and then, if [there be] no man to save us, we will come out to thee.	И сказали ему старейшины Иависа: дай нам сроку семь дней, чтобы послать нам послов во все пределы Израильские, и если никто не поможет нам, то мы выйдем к тебе.
1SA 15:35	And Samuel came no more to see Saul until the day of his death: nevertheless Samuel mourned for Saul: and the LORD repented that he had made Saul king over Israel.	И более не видался Самуил с Саулом до дня смерти своей; но печалился Самуил о Сауле, потому что Господь раскаялся, что воцарил Саула над Израилем.
1SA 17:41	And the Philistine came on and drew near unto David; and the man that bare the shield [went] before him.	Выступил и Филистимлянин, идя и приближаясь к Давиду, и оруженосец шел впереди его.
1SA 17:9	If he be able to fight with me, and to kill me, then will we be your servants: but if I prevail against him, and kill him, then shall ye be our servants, and serve us.	если он может сразиться со мною и убьет меня, то мы будем вашими рабами; если же я одолею его и убью его, то вы будете нашими рабами и будете служить нам.
1SA 19:6	And Saul hearkened unto the voice of Jonathan: and Saul sware, [As] the LORD liveth, he shall not be slain.	И послушал Саул голоса Ионафана и поклялся Саул: жив Господь, Давид не умрет.
1SA 1:19	¶ And they rose up in the morning early, and worshipped before the LORD, and returned, and came to their house to Ramah: and Elkanah knew Hannah his wife; and the LORD remembered her.	И встали они поутру, и поклонились пред Господом, и возвратились, и пришли в дом свой в Раму. И познал Елкана Анну, жену свою, и вспомнил о ней Господь.
1SA 20:10	Then said David to Jonathan, Who shall tell me? or what [if] thy father answer thee roughly?	И сказал Давид Ионафану: кто известит меня, если отец твой ответит тебе сурово?
1SA 23:3	And David’s men said unto him, Behold, we be afraid here in Judah: how much more then if we come to Keilah against the armies of the Philistines?	Но бывшие с Давидом сказали ему: вот, мы боимся здесь в Иудее, как же нам идти в Кеиль против ополчений Филистимских? мы попадем в плен к Филистимлянам.
1SA 28:23	But he refused, and said, I will not eat. But his servants, together with the woman, compelled him; and he hearkened unto their voice. So he arose from the earth, and sat upon the bed.	Но он отказался и сказал: не буду есть. И стали уговаривать его слуги его, а также и женщина; и он послушался голоса их, и встал с земли и сел на ложе.
1SA 31:1	Now the Philistines fought against Israel: and the men of Israel fled from before the Philistines, and fell down slain in mount Gilboa.	Филистимляне же воевали с Израильтянами, и побежали мужи Израильские от Филистимлян и пали пораженные на горе Гелвуе.
1SA 4:22	And she said, The glory is departed from Israel: for the ark of God is taken.	Она сказала: отошла слава от Израиля, ибо взят ковчег Божий.
1SA 6:6	Wherefore then do ye harden your hearts, as the Egyptians and Pharaoh hardened their hearts? when he had wrought wonderfully among them, did they not let the people go, and they departed?	и для чего вам ожесточать сердце ваше, как ожесточили сердце свое Египтяне и фараон? вот, когда Господь показал силу Свою над ними, то они отпустили их, и те пошли;
1SA 8:10	¶ And Samuel told all the words of the LORD unto the people that asked of him a king.	И пересказал Самуил все слова Господа народу, просящему у него царя,
1TH 2:4	But as we were allowed of God to be put in trust with the gospel, even so we speak; not as pleasing men, but God, which trieth our hearts.	но, как Бог удостоил нас того, чтобы вверить нам благовестие, так мы и говорим, угождая не человекам, но Богу, испытующему сердца наши.
1TH 5:23	And the very God of peace sanctify you wholly; and [I pray God] your whole spirit and soul and body be preserved blameless unto the coming of our Lord Jesus Christ.	Сам же Бог мира да освятит вас во всей полноте, и ваш дух, и душа, и тело во всей целости да сохранится без порока в пришествие Господа нашего Иисуса Христа.
1TI 5:24	Some men’s sins are open beforehand, going before to judgment; and some [men] they follow after.	Грехи некоторых людей явны и прямо ведут к осуждению, а некоторых открываются впоследствии.
2CH 19:9	And he charged them, saying, Thus shall ye do in the fear of the LORD, faithfully, and with a perfect heart.	И дал им повеление, говоря: так действуйте в страхе Господнем, с верностью и с чистым сердцем:
2CH 25:22	And Judah was put to the worse before Israel, and they fled every man to his tent.	И были разбиты Иудеи Израильтянами, и разбежались каждый в шатер свой.
2CH 32:28	Storehouses also for the increase of corn, and wine, and oil; and stalls for all manner of beasts, and cotes for flocks.	и кладовые для произведений земли, для хлеба, вина и масла, и стойла для всякого рода скота, и дворы для стад.
2CH 32:4	So there was gathered much people together, who stopped all the fountains, and the brook that ran through the midst of the land, saying, Why should the kings of Assyria come, and find much water?	И собралось множество народа, и засыпали все источники и поток, протекавший по стране, говоря: да не найдут цари Ассирийские, придя сюда, много воды и да не укрепятся.
2CH 3:13	The wings of these cherubims spread themselves forth twenty cubits: and they stood on their feet, and their faces [were] inward.	Крылья сих херувимов были распростерты на двадцать локтей; и они стояли на ногах своих, лицами своими к храму.
2CH 5:1	Thus all the work that Solomon made for the house of the LORD was finished: and Solomon brought in [all] the things that David his father had dedicated; and the silver, and the gold, and all the instruments, put he among the treasures of the house of God.	И окончилась вся работа, которую производил Соломон для дома Господня. И принес Соломон посвященное Давидом, отцом его, и серебро и золото и все вещи отдал в сокровищницы дома Божия.
2CO 11:25	Thrice was I beaten with rods, once was I stoned, thrice I suffered shipwreck, a night and a day I have been in the deep;	три раза меня били палками, однажды камнями побивали, три раза я терпел кораблекрушение, ночь и день пробыл во глубине морской;
2CO 13:10	Therefore I write these things being absent, lest being present I should use sharpness, according to the power which the Lord hath given me to edification, and not to destruction.	Для того я и пишу сие в отсутствии, чтобы в присутствии не употребить строгости по власти, данной мне Господом к созиданию, а не к разорению.
2CO 13:8	For we can do nothing against the truth, but for the truth.	Ибо мы не сильны против истины, но сильны за истину.
2CO 2:17	For we are not as many, which corrupt the word of God: but as of sincerity, but as of God, in the sight of God speak we in Christ.	Ибо мы не повреждаем слова Божия, как многие, но проповедуем искренно, как от Бога, пред Богом, во Христе.
2KI 13:24	So Hazael king of Syria died; and Ben-hadad his son reigned in his stead.	И умер Азаил, царь Сирийский, и воцарился Венадад, сын его, вместо него.
2KI 17:15	And they rejected his statutes, and his covenant that he made with their fathers, and his testimonies which he testified against them; and they followed vanity, and became vain, and went after the heathen that [were] round about them, [concerning] whom the LORD had charged them, that they should not do like them.	и презирали уставы Его, и завет Его, который Он заключил с отцами их, и откровения Его, какими Он предостерегал их, и пошли вслед суеты и осуетились, и вслед народов окрестных, о которых Господь заповедал им, чтобы не поступали так, как они,
2KI 18:19	And Rab-shakeh said unto them, Speak ye now to Hezekiah, Thus saith the great king, the king of Assyria, What confidence [is] this wherein thou trustest?	И сказал им Рабсак: скажите Езекии: так говорит царь великий, царь Ассирийский: что это за упование, на которое ты уповаешь?
2KI 19:33	By the way that he came, by the same shall he return, and shall not come into this city, saith the LORD.	Тою же дорогою, которою пришел, возвратится, и в город сей не войдет, говорит Господь.
2KI 22:14	So Hilkiah the priest, and Ahikam, and Achbor, and Shaphan, and Asahiah, went unto Huldah the prophetess, the wife of Shallum the son of Tikvah, the son of Harhas, keeper of the wardrobe; (now she dwelt in Jerusalem in the college;) and they communed with her.	И пошел Хелкия священник, и Ахикам, и Ахбор, и Шафан, и Асаия к Олдаме пророчице, жене Шаллума, сына Тиквы, сына Хархаса, хранителя одежд, - жила же она в Иерусалиме, во второй части, и говорили с нею.
2KI 23:18	And he said, Let him alone; let no man move his bones. So they let his bones alone, with the bones of the prophet that came out of Samaria.	И сказал он: оставьте его в покое, никто не трогай костей его. И сохранили кости его и кости пророка, который приходил из Самарии.
2KI 24:8	¶ Jehoiachin [was] eighteen years old when he began to reign, and he reigned in Jerusalem three months. And his mother’s name [was] Nehushta, the daughter of Elnathan of Jerusalem.	Восемнадцати лет был Иехония, когда воцарился, и три месяца царствовал в Иерусалиме; имя матери его Нехушта, дочь Елнафана, из Иерусалима.
2KI 25:10	And all the army of the Chaldees, that [were with] the captain of the guard, brake down the walls of Jerusalem round about.	и стены вокруг Иерусалима разрушило войско Халдейское, бывшее у начальника телохранителей.
2KI 25:22	¶ And [as for] the people that remained in the land of Judah, whom Nebuchadnezzar king of Babylon had left, even over them he made Gedaliah the son of Ahikam, the son of Shaphan, ruler.	Над народом же, остававшимся в земле Иудейской, который оставил Навуходоносор, царь Вавилонский, - над ними поставил начальником Годолию, сына Ахикама, сына Шафанова.
2KI 25:24	And Gedaliah sware to them, and to their men, and said unto them, Fear not to be the servants of the Chaldees: dwell in the land, and serve the king of Babylon; and it shall be well with you.	И поклялся Годолия им и людям их, и сказал им: не бойтесь быть подвластными Халдеям, селитесь на земле и служите царю Вавилонскому, и будет хорошо вам.
2KI 4:15	And he said, Call her. And when he had called her, she stood in the door.	И сказал он: позови ее. Он позвал ее, и стала она в дверях.
2KI 6:12	And one of his servants said, None, my lord, O king: but Elisha, the prophet that [is] in Israel, telleth the king of Israel the words that thou speakest in thy bedchamber.	И сказал один из слуг его: никто, господин мой царь; а Елисей пророк, который у Израиля, пересказывает царю Израильскому и те слова, которые ты говоришь в спальной комнате твоей.
2KI 8:15	And it came to pass on the morrow, that he took a thick cloth, and dipped [it] in water, and spread [it] on his face, so that he died: and Hazael reigned in his stead.	А на другой день он взял одеяло, намочил его водою, и положил на лице его, и он умер. И воцарился Азаил вместо него.
2PE 2:22	But it is happened unto them according to the true proverb, The dog [is] turned to his own vomit again; and the sow that was washed to her wallowing in the mire.	Но с ними случается по верной пословице: пес возвращается на свою блевотину, и вымытая свинья идет валяться в грязи.
2SA 12:28	Now therefore gather the rest of the people together, and encamp against the city, and take it: lest I take the city, and it be called after my name.	теперь собери остальной народ и подступи к городу и возьми его; ибо, если я возьму его, то мое имя будет наречено ему.
2SA 15:1	And it came to pass after this, that Absalom prepared him chariots and horses, and fifty men to run before him.	После сего Авессалом завел у себя колесницы и лошадей и пятьдесят скороходов.
2SA 18:18	¶ Now Absalom in his lifetime had taken and reared up for himself a pillar, which [is] in the king’s dale: for he said, I have no son to keep my name in remembrance: and he called the pillar after his own name: and it is called unto this day, Absalom’s place.	Авессалом еще при жизни своей взял и поставил себе памятник в царской долине; ибо сказал он: нет у меня сына, чтобы сохранилась память имени моего. И назвал памятник своим именем. И называется он “памятник Авессалома” до сего дня.
2SA 22:24	I was also upright before him, and have kept myself from mine iniquity.	и был непорочен пред Ним, и остерегался, чтобы не согрешить мне.
2SA 4:11	How much more, when wicked men have slain a righteous person in his own house upon his bed? shall I not therefore now require his blood of your hand, and take you away from the earth?	то теперь, когда негодные люди убили человека невинного в его доме на постели его, неужели я не взыщу крови его от руки вашей и не истреблю вас с земли?
2SA 7:20	And what can David say more unto thee? for thou, Lord GOD, knowest thy servant.	Что еще может сказать Тебе Давид? Ты знаешь раба Твоего, Господи мой, Господи!
2TI 1:8	Be not thou therefore ashamed of the testimony of our Lord, nor of me his prisoner: but be thou partaker of the afflictions of the gospel according to the power of God;	Итак не стыдись свидетельства Господа нашего Иисуса Христа, ни меня, узника Его; но страдай с благовестием Христовым силою Бога,
ACT 11:27	¶ And in these days came prophets from Jerusalem unto Antioch.	В те дни пришли из Иерусалима в Антиохию пророки.
ACT 12:25	And Barnabas and Saul returned from Jerusalem, when they had fulfilled [their] ministry, and took with them John, whose surname was Mark.	А Варнава и Савл, по исполнении поручения, возвратились из Иерусалима в Антиохию, взяв с собою и Иоанна, прозванного Марком.
ACT 17:11	These were more noble than those in Thessalonica, in that they received the word with all readiness of mind, and searched the scriptures daily, whether those things were so.	Здешние были благомысленнее Фессалоникских: они приняли слово со всем усердием, ежедневно разбирая Писания, точно ли это так.
ACT 19:36	Seeing then that these things cannot be spoken against, ye ought to be quiet, and to do nothing rashly.	Если же в этом нет спора, то надобно вам быть спокойными и не поступать опрометчиво.
ACT 20:17	¶ And from Miletus he sent to Ephesus, and called the elders of the church.	Из Милита же послав в Ефес, он призвал пресвитеров церкви,
ACT 20:3	And [there] abode three months. And when the Jews laid wait for him, as he was about to sail into Syria, he purposed to return through Macedonia.	Там пробыл он три месяца. Когда же, по случаю возмущения, сделанного против него Иудеями, он хотел отправиться в Сирию, то пришло ему на мысль возвратиться через Македонию.
ACT 23:26	Claudius Lysias unto the most excellent governor Felix [sendeth] greeting.	“Клавдий Лисий достопочтенному правителю Феликсу - радоваться.
ACT 26:22	Having therefore obtained help of God, I continue unto this day, witnessing both to small and great, saying none other things than those which the prophets and Moses did say should come:	Но, получив помощь от Бога, я до сего дня стою, свидетельствуя малому и великому, ничего не говоря, кроме того, о чем пророки и Моисей говорили, что это будет,
ACT 2:36	Therefore let all the house of Israel know assuredly, that God hath made that same Jesus, whom ye have crucified, both Lord and Christ.	Итак твердо знай, весь дом Израилев, что Бог соделал Господом и Христом Сего Иисуса, Которого вы распяли.
ACT 3:11	And as the lame man which was healed held Peter and John, all the people ran together unto them in the porch that is called Solomon’s, greatly wondering.	И как исцеленный хромой не отходил от Петра и Иоанна, то весь народ в изумлении сбежался к ним в притвор, называемый Соломонов.
ACT 5:29	¶ Then Peter and the [other] apostles answered and said, We ought to obey God rather than men.	Петр же и Апостолы в ответ сказали: должно повиноваться больше Богу, нежели человека.
ACT 5:39	But if it be of God, ye can not overthrow it; lest haply ye be found even to fight against God.	а если от Бога, то вы не можете разрушить его; берегитесь, чтобы вам не оказаться и богопротивниками.
ACT 7:11	Now there came a dearth over all the land of Egypt and Chanaan, and great affliction: and our fathers found no sustenance.	И пришел голод и великая скорбь на всю землю Египетскую и Ханаанскую, и отцы наши не находили пропитания.
ACT 7:6	And God spake on this wise, That his seed should sojourn in a strange land; and that they should bring them into bondage, and entreat [them] evil four hundred years.	И сказал ему Бог, что потомки его будут переселенцами в чужой земле и будут в порабощении и притеснении лет четыреста.
ACT 8:9	But there was a certain man, called Simon, which beforetime in the same city used sorcery, and bewitched the people of Samaria, giving out that himself was some great one:	Находился же в городе некоторый муж, именем Симон, который перед тем волхвовал и изумлял народ Самарийский, выдавая себя за кого-то великого.
ACT 9:13	Then Ananias answered, Lord, I have heard by many of this man, how much evil he hath done to thy saints at Jerusalem:	Анания отвечал: Господи! я слышал от многих о сем человеке, сколько зла сделал он святым Твоим в Иерусалиме;
COL 1:24	Who now rejoice in my sufferings for you, and fill up that which is behind of the afflictions of Christ in my flesh for his body’s sake, which is the church:	Ныне радуюсь в страданиях моих за вас и восполняю недостаток в плоти моей скорбей Христовых за Тело Его, которое есть Церковь,
COL 2:22	Which all are to perish with the using;) after the commandments and doctrines of men?	что все истлевает от употребления, по заповедям и учению человеческому?
COL 4:2	Continue in prayer, and watch in the same with thanksgiving;	Будьте постоянны в молитве, бодрствуя в ней с благодарением.
DAN 2:14	¶ Then Daniel answered with counsel and wisdom to Arioch the captain of the king’s guard, which was gone forth to slay the wise [men] of Babylon:	Тогда Даниил обратился с советом и мудростью к Ариоху, начальнику царских телохранителей, который вышел убивать мудрецов Вавилонских;
DAN 2:25	Then Arioch brought in Daniel before the king in haste, and said thus unto him, I have found a man of the captives of Judah, that will make known unto the king the interpretation.	Тогда Ариох немедленно привел Даниила к царю и сказал ему: я нашел из пленных сынов Иудеи человека, который может открыть царю значение сна.
DAN 8:15	¶ And it came to pass, when I, [even] I Daniel, had seen the vision, and sought for the meaning, then, behold, there stood before me as the appearance of a man.	И было: когда я, Даниил, увидел это видение и искал значения его, вот, стал предо мною как облик мужа.
DAN 9:10	Neither have we obeyed the voice of the LORD our God, to walk in his laws, which he set before us by his servants the prophets.	и не слушали гласа Господа Бога нашего, чтобы поступать по законам Его, которые Он дал нам через рабов Своих, пророков.
DEU 11:11	But the land, whither ye go to possess it, [is] a land of hills and valleys, [and] drinketh water of the rain of heaven:	но земля, в которую вы переходите, чтоб овладеть ею, есть земля с горами и долинами, и от дождя небесного напояется водою,
DEU 12:22	Even as the roebuck and the hart is eaten, so thou shalt eat them: the unclean and the clean shall eat [of] them alike.	но ешь их так, как едят серну и оленя; нечистый как и чистый у тебя могут есть сие;
DEU 15:7	¶ If there be among you a poor man of one of thy brethren within any of thy gates in thy land which the LORD thy God giveth thee, thou shalt not harden thine heart, nor shut thine hand from thy poor brother:	Если же будет у тебя нищий кто-либо из братьев твоих, в одном из жилищ твоих, на земле твоей, которую Господь, Бог твой, дает тебе, то не ожесточи сердца твоего и не сожми руки твоей пред нищим братом твоим,
DEU 17:5	Then shalt thou bring forth that man or that woman, which have committed that wicked thing, unto thy gates, [even] that man or that woman, and shalt stone them with stones, till they die.	то выведи мужчину того, или женщину ту, которые сделали зло сие, к воротам твоим и побей их камнями до смерти.
DEU 19:2	Thou shalt separate three cities for thee in the midst of thy land, which the LORD thy God giveth thee to possess it.	тогда отдели себе три города среди земли твоей, которую Господь Бог твой дает тебе во владение;
DEU 1:45	And ye returned and wept before the LORD; but the LORD would not hearken to your voice, nor give ear unto you.	И возвратились вы и плакали пред Господом: но Господь не услышал вопля вашего и не внял вам.
DEU 23:18	Thou shalt not bring the hire of a whore, or the price of a dog, into the house of the LORD thy God for any vow: for even both these [are] abomination unto the LORD thy God.	Не вноси платы блудницы и цены пса в дом Господа Бога твоего ни по какому обету, ибо то и другое есть мерзость пред Господом Богом твоим.
DEU 28:49	The LORD shall bring a nation against thee from far, from the end of the earth, [as swift] as the eagle flieth; a nation whose tongue thou shalt not understand;	Пошлет на тебя Господь народ издалека, от края земли: как орел налетит народ, которого языка ты не разумеешь,
DEU 30:16	In that I command thee this day to love the LORD thy God, to walk in his ways, and to keep his commandments and his statutes and his judgments, that thou mayest live and multiply: and the LORD thy God shall bless thee in the land whither thou goest to possess it.	Если будешь слушать заповеди Господа Бога твоего, которые заповедую тебе сегодня, любить Господа Бога твоего, ходить по всем путям Его и исполнять заповеди Его и постановления Его и законы Его, то будешь жить и размножишься, и благословит тебя Господь Бог твой на земле, в которую ты идешь, чтоб овладеть ею;
DEU 31:9	¶ And Moses wrote this law, and delivered it unto the priests the sons of Levi, which bare the ark of the covenant of the LORD, and unto all the elders of Israel.	И написал Моисей закон сей, и отдал его священникам, сынам Левииным, носящим ковчег завета Господня, и всем старейшинам сынов Израилевых.
DEU 32:46	And he said unto them, Set your hearts unto all the words which I testify among you this day, which ye shall command your children to observe to do, all the words of this law.	тогда сказал им: положите на сердце ваше все слова, которые я объявил вам сегодня, и завещевайте их детям своим, чтобы они старались исполнять все слова закона сего;
DEU 3:22	Ye shall not fear them: for the LORD your God he shall fight for you.	не бойтесь их, ибо Господь, Бог ваш, Сам сражается за вас.
DEU 4:43	[Namely], Bezer in the wilderness, in the plain country, of the Reubenites; and Ramoth in Gilead, of the Gadites; and Golan in Bashan, of the Manassites.	Бецер в пустыне, на равнине в колене Рувимовом, и Рамоф в Галааде в колене Гадовом, и Голан в Васане в колене Манассиином.
DEU 6:12	[Then] beware lest thou forget the LORD, which brought thee forth out of the land of Egypt, from the house of bondage.	тогда берегись, чтобы не обольстилось сердце твое и не забыл ты Господа, Который вывел тебя из земли Египетской, из дома рабства.
DEU 6:8	And thou shalt bind them for a sign upon thine hand, and they shall be as frontlets between thine eyes.	и навяжи их в знак на руку твою, и да будут они повязкою над глазами твоими,
ECC 11:9	¶ Rejoice, O young man, in thy youth; and let thy heart cheer thee in the days of thy youth, and walk in the ways of thine heart, and in the sight of thine eyes: but know thou, that for all these [things] God will bring thee into judgment.	Веселись, юноша, в юности твоей, и да вкушает сердце твое радости во дни юности твоей, и ходи по путям сердца твоего и по видению очей твоих; только знай, что за все это Бог приведет тебя на суд.
ECC 3:7	A time to rend, and a time to sew; a time to keep silence, and a time to speak;	время раздирать, и время сшивать; время молчать, и время говорить;
ECC 7:28	Which yet my soul seeketh, but I find not: one man among a thousand have I found; but a woman among all those have I not found.	Чего еще искала душа моя, и я не нашел? - Мужчину одного из тысячи я нашел, а женщины между всеми ими не нашел.
EPH 5:33	Nevertheless let every one of you in particular so love his wife even as himself; and the wife [see] that she reverence [her] husband.	Так каждый из вас да любит свою жену, как самого себя; а жена да боится своего мужа.
EPH 6:16	Above all, taking the shield of faith, wherewith ye shall be able to quench all the fiery darts of the wicked.	а паче всего возьмите щит веры, которым возможете угасить все раскаленные стрелы лукавого;
EST 1:8	And the drinking [was] according to the law; none did compel: for so the king had appointed to all the officers of his house, that they should do according to every man’s pleasure.	Напитки подаваемы были в золотых сосудах и сосудах разнообразных, ценою в тридцать тысяч талантов; и вина царского было множество, по богатству царя. Питье шло чинно, никто не принуждал, потому что царь дал такое приказание всем управляющим в доме его, чтобы делали по воле каждого.
EXO 10:27	¶ But the LORD hardened Pharaoh’s heart, and he would not let them go.	И ожесточил Господь сердце фараона, и он не захотел отпустить их.
EXO 11:6	And there shall be a great cry throughout all the land of Egypt, such as there was none like it, nor shall be like it any more.	и будет вопль великий по всей земле Египетской, какого не бывало и какого не будет более;
EXO 13:18	But God led the people about, [through] the way of the wilderness of the Red sea: and the children of Israel went up harnessed out of the land of Egypt.	И обвел Бог народ дорогою пустынною к Чермному морю. И вышли сыны Израилевы вооруженные из земли Египетской.
EXO 16:19	And Moses said, Let no man leave of it till the morning.	И сказал им Моисей: никто не оставляй сего до утра.
EXO 16:26	Six days ye shall gather it; but on the seventh day, [which is] the sabbath, in it there shall be none.	шесть дней собирайте его, а в седьмой день - суббота: не будет его в этот день.
EXO 16:33	And Moses said unto Aaron, Take a pot, and put an omer full of manna therein, and lay it up before the LORD, to be kept for your generations.	И сказал Моисей Аарону: возьми один сосуд золотой, и положи в него полный гомор манны, и поставь его пред Господом, для хранения в роды ваши.
EXO 18:13	¶ And it came to pass on the morrow, that Moses sat to judge the people: and the people stood by Moses from the morning unto the evening.	На другой день сел Моисей судить народ, и стоял народ пред Моисеем с утра до вечера.
EXO 21:28	¶ If an ox gore a man or a woman, that they die: then the ox shall be surely stoned, and his flesh shall not be eaten; but the owner of the ox [shall be] quit.	Если вол забодает мужчину или женщину до смерти, то вола побить камнями и мяса его не есть; а хозяин вола не виноват;
EXO 22:1	If a man shall steal an ox, or a sheep, and kill it, or sell it; he shall restore five oxen for an ox, and four sheep for a sheep.	Если кто украдет вола или овцу и заколет или продаст, то пять волов заплатит за вола и четыре овцы за овцу.
EXO 22:2	¶ If a thief be found breaking up, and be smitten that he die, [there shall] no blood [be shed] for him.	Если кто застанет вора подкапывающего и ударит его, так что он умрет, то кровь не вменится ему;
EXO 22:24	And my wrath shall wax hot, and I will kill you with the sword; and your wives shall be widows, and your children fatherless.	и воспламенится гнев Мой, и убью вас мечом, и будут жены ваши вдовами и дети ваши сиротами.
EXO 23:6	Thou shalt not wrest the judgment of thy poor in his cause.	Не суди превратно тяжбы бедного твоего.
EXO 24:13	And Moses rose up, and his minister Joshua: and Moses went up into the mount of God.	И встал Моисей с Иисусом, служителем своим, и пошел Моисей на гору Божию,
EXO 24:5	And he sent young men of the children of Israel, which offered burnt offerings, and sacrificed peace offerings of oxen unto the LORD.	и послал юношей из сынов Израилевых, и принесли они всесожжения, и заклали тельцов в мирную жертву Господу Богу.
EXO 25:20	And the cherubims shall stretch forth [their] wings on high, covering the mercy seat with their wings, and their faces [shall look] one to another; toward the mercy seat shall the faces of the cherubims be.	и будут херувимы с распростертыми вверх крыльями, покрывая крыльями своими крышку, а лицами своими будут друг к другу: к крышке будут лица херувимов.
EXO 27:5	And thou shalt put it under the compass of the altar beneath, that the net may be even to the midst of the altar.	и положи ее по окраине жертвенника внизу, так чтобы сетка была до половины жертвенника.
EXO 29:27	And thou shalt sanctify the breast of the wave offering, and the shoulder of the heave offering, which is waved, and which is heaved up, of the ram of the consecration, [even] of [that] which [is] for Aaron, and of [that] which is for his sons:	и освяти грудь приношения, которая потрясаема была и плечо возношения, которое было возносимо, от овна вручения, который для Аарона и для сынов его,
EXO 29:29	¶ And the holy garments of Aaron shall be his sons’ after him, to be anointed therein, and to be consecrated in them.	А священные одежды, которые для Аарона, перейдут после него к сынам его, чтобы в них помазывать их и вручать им священство;
EXO 29:4	And Aaron and his sons thou shalt bring unto the door of the tabernacle of the congregation, and shalt wash them with water.	Аарона же и сынов его приведи ко входу в скинию собрания и омой их водою.
EXO 30:22	¶ Moreover the LORD spake unto Moses, saying,	И сказал Господь Моисею, говоря:
EXO 34:18	¶ The feast of unleavened bread shalt thou keep. Seven days thou shalt eat unleavened bread, as I commanded thee, in the time of the month Abib: for in the month Abib thou camest out from Egypt.	Праздник опресноков соблюдай: семь дней ешь пресный хлеб, как Я повелел тебе, в назначенное время месяца Авива, ибо в месяце Авиве вышел ты из Египта.
EXO 37:9	And the cherubims spread out [their] wings on high, [and] covered with their wings over the mercy seat, with their faces one to another; [even] to the mercy seatward were the faces of the cherubims.	и были херувимы с распростертыми вверх крыльями и покрывали крыльями своими крышку, а лицами своими были обращены друг к другу; к крышке были лица херувимов.
EXO 38:6	And he made the staves [of] shittim wood, and overlaid them with brass.	И сделал шесты из дерева ситтим, и обложил их медью,
EXO 7:17	Thus saith the LORD, In this thou shalt know that I [am] the LORD: behold, I will smite with the rod that [is] in mine hand upon the waters which [are] in the river, and they shall be turned to blood.	Так говорит Господь: из сего узнаешь, что Я Господь: вот этим жезлом, который в руке моей, я ударю по воде, которая в реке, и она превратится в кровь,
EXO 8:12	And Moses and Aaron went out from Pharaoh: and Moses cried unto the LORD because of the frogs which he had brought against Pharaoh.	Моисей и Аарон вышли от фараона, и Моисей воззвал к Господу о жабах, которых Он навел на фараона.
EXO 9:3	Behold, the hand of the LORD is upon thy cattle which [is] in the field, upon the horses, upon the asses, upon the camels, upon the oxen, and upon the sheep: [there shall be] a very grievous murrain.	то вот, рука Господня будет на скоте твоем, который в поле, на конях, на ослах, на верблюдах, на волах и овцах: будет моровая язва весьма тяжкая;
EZE 14:17	¶ Or [if] I bring a sword upon that land, and say, Sword, go through the land; so that I cut off man and beast from it:	Или, если бы Я навел на ту землю меч и сказал: “меч, пройди по земле!” и стал истреблять на ней людей и скот,
EZE 16:12	And I put a jewel on thy forehead, and earrings in thine ears, and a beautiful crown upon thine head.	И дал тебе кольцо на твой нос и серьги к ушам твоим и на голову твою прекрасный венец.
EZE 16:48	[As] I live, saith the Lord GOD, Sodom thy sister hath not done, she nor her daughters, as thou hast done, thou and thy daughters.	Живу Я, говорит Господь Бог; Содома, сестра твоя, не делала того сама и ее дочери, что делала ты и дочери твои.
EZE 16:62	And I will establish my covenant with thee; and thou shalt know that I [am] the LORD:	Я восстановлю союз Мой с тобою, и узнаешь, что Я Господь,
EZE 18:19	¶ Yet say ye, Why? doth not the son bear the iniquity of the father? When the son hath done that which is lawful and right, [and] hath kept all my statutes, and hath done them, he shall surely live.	Вы говорите: “почему же сын не несет вины отца своего?” Потому что сын поступает законно и праведно, все уставы Мои соблюдает и исполняет их; он будет жив.
EZE 18:9	Hath walked in my statutes, and hath kept my judgments, to deal truly; he [is] just, he shall surely live, saith the Lord GOD.	поступает по заповедям Моим и соблюдает постановления Мои искренно: то он праведник, он непременно будет жив, говорит Господь Бог.
EZE 1:9	Their wings [were] joined one to another; they turned not when they went; they went every one straight forward.	и лица у них и крылья у них - у всех четырех; крылья их соприкасались одно к другому; во время шествия своего они не оборачивались, а шли каждое по направлению лица своего.
EZE 20:32	And that which cometh into your mind shall not be at all, that ye say, We will be as the heathen, as the families of the countries, to serve wood and stone.	И что приходит вам на ум, совсем не сбудется. Вы говорите: “будем, как язычники, как племена иноземные, служить дереву и камню”.
EZE 20:6	In the day [that] I lifted up mine hand unto them, to bring them forth of the land of Egypt into a land that I had espied for them, flowing with milk and honey, which [is] the glory of all lands:	в тот день, подняв руку Мою, Я поклялся им вывести их из земли Египетской в землю, которую Я усмотрел для них, текущую молоком и медом, красу всех земель,
EZE 25:6	For thus saith the Lord GOD; Because thou hast clapped [thine] hands, and stamped with the feet, and rejoiced in heart with all thy despite against the land of Israel;	Ибо так говорит Господь Бог: за то, что ты рукоплескал и топал ногою, и со всем презрением к земле Израилевой душевно радовался,-
EZE 27:15	The men of Dedan [were] thy merchants; many isles [were] the merchandise of thine hand: they brought thee [for] a present horns of ivory and ebony.	Сыны Дедана торговали с тобою; многие острова производили с тобою мену, в уплату тебе доставляли слоновую кость и черное дерево.
EZE 27:21	Arabia, and all the princes of Kedar, they occupied with thee in lambs, and rams, and goats: in these [were they] thy merchants.	Аравия и все князья Кидарские производили мену с тобою: ягнят и баранов и козлов променивали тебе.
EZE 27:35	All the inhabitants of the isles shall be astonished at thee, and their kings shall be sore afraid, they shall be troubled in [their] countenance.	Все обитатели островов ужаснулись о тебе, и цари их содрогнулись, изменились в лицах.
EZE 27:5	They have made all thy [ship] boards of fir trees of Senir: they have taken cedars from Lebanon to make masts for thee.	из Сенирских кипарисов устроили все помосты твои; брали с Ливана кедр, чтобы сделать на тебе мачты;
EZE 28:26	And they shall dwell safely therein, and shall build houses, and plant vineyards; yea, they shall dwell with confidence, when I have executed judgments upon all those that despise them round about them; and they shall know that I [am] the LORD their God.	тогда они будут жить на ней безопасно, и построят домы, и насадят виноградники, и будут жить в безопасности, потому что Я произведу суд над всеми зложелателями их вокруг них, и узнают, что Я Господь Бог их.
EZE 32:10	Yea, I will make many people amazed at thee, and their kings shall be horribly afraid for thee, when I shall brandish my sword before them; and they shall tremble at [every] moment, every man for his own life, in the day of thy fall.	И приведу тобою в ужас многие народы, и цари их содрогнутся о тебе в страхе, когда мечом Моим потрясу перед лицом их, и поминутно будут трепетать каждый за душу свою в день падения твоего.
EZE 33:22	Now the hand of the LORD was upon me in the evening, afore he that was escaped came; and had opened my mouth, until he came to me in the morning; and my mouth was opened, and I was no more dumb.	Но еще до прихода сего спасшегося вечером была на мне рука Господа, и Он открыл мне уста, прежде нежели тот пришел ко мне поутру. И открылись уста мои, и я уже не был безмолвен.
EZE 33:8	When I say unto the wicked, O wicked [man], thou shalt surely die; if thou dost not speak to warn the wicked from his way, that wicked [man] shall die in his iniquity; but his blood will I require at thine hand.	Когда Я скажу беззаконнику: “беззаконник! ты смертью умрешь”, а ты не будешь ничего говорить, чтобы предостеречь беззаконника от пути его,- то беззаконник тот умрет за грех свой, но кровь его взыщу от руки твоей.
EZE 36:26	A new heart also will I give you, and a new spirit will I put within you: and I will take away the stony heart out of your flesh, and I will give you an heart of flesh.	И дам вам сердце новое, и дух новый дам вам; и возьму из плоти вашей сердце каменное, и дам вам сердце плотяное.
EZE 36:32	Not for your sakes do I [this], saith the Lord GOD, be it known unto you: be ashamed and confounded for your own ways, O house of Israel.	Не ради вас Я сделаю это, говорит Господь Бог, да будет вам известно. Краснейте и стыдитесь путей ваших, дом Израилев.
EZE 38:17	Thus saith the Lord GOD; [Art] thou he of whom I have spoken in old time by my servants the prophets of Israel, which prophesied in those days [many] years that I would bring thee against them?	Так говорит Господь Бог: не ты ли тот самый, о котором Я говорил в древние дни чрез рабов Моих, пророков Израилевых, которые пророчествовали в те времена, что Я приведу тебя на них?
EZE 3:17	Son of man, I have made thee a watchman unto the house of Israel: therefore hear the word at my mouth, and give them warning from me.	сын человеческий! Я поставил тебя стражем дому Израилеву, и ты будешь слушать слово из уст Моих, и будешь вразумлять их от Меня.
EZE 3:26	And I will make thy tongue cleave to the roof of thy mouth, that thou shalt be dumb, and shalt not be to them a reprover: for they [are] a rebellious house.	И язык твой Я прилеплю к гортани твоей, и ты онемеешь и не будешь обличителем их, ибо они мятежный дом.
EZE 40:22	And their windows, and their arches, and their palm trees, [were] after the measure of the gate that looketh toward the east; and they went up unto it by seven steps; and the arches thereof [were] before them.	И окна их, и выступы их, и пальмы их - той же меры, как у ворот, обращенных лицом к востоку; и входят к ним семью ступенями, и перед ними выступы.
EZE 40:49	The length of the porch [was] twenty cubits, and the breadth eleven cubits; and [he brought me] by the steps whereby they went up to it: and [there were] pillars by the posts, one on this side, and another on that side.	Длина притвора - в двадцать локтей, а ширина - в одиннадцать локтей, и всходят в него по десяти ступеням; и были подпоры у столбов, одна с одной стороны, а другая с другой.
EZE 5:13	Thus shall mine anger be accomplished, and I will cause my fury to rest upon them, and I will be comforted: and they shall know that I the LORD have spoken [it] in my zeal, when I have accomplished my fury in them.	И совершится гнев Мой, и утолю ярость Мою над ними, и удовлетворюсь; и узнают, что Я, Господь, говорил в ревности Моей, когда совершится над ними ярость Моя.
EZE 7:12	The time is come, the day draweth near: let not the buyer rejoice, nor the seller mourn: for wrath [is] upon all the multitude thereof.	Пришло время, наступил день; купивший не радуйся, и продавший не плачь; ибо гнев над всем множеством их.
EZE 7:26	Mischief shall come upon mischief, and rumour shall be upon rumour; then shall they seek a vision of the prophet; but the law shall perish from the priest, and counsel from the ancients.	Беда пойдет за бедою и весть за вестью; и будут просить у пророка видения, и не станет учения у священника и совета у старцев.
EZR 1:8	Even those did Cyrus king of Persia bring forth by the hand of Mithredath the treasurer, and numbered them unto Sheshbazzar, the prince of Judah.	и вынес их Кир, царь Персидский, рукою Мифредата сокровищехранителя, а он счетом сдал их Шешбацару князю Иудину.
GEN 10:11	Out of that land went forth Asshur, and builded Nineveh, and the city Rehoboth, and Calah,	Из сей земли вышел Ассур и построил Ниневию, Реховоф-ир, Калах
GEN 17:3	And Abram fell on his face: and God talked with him, saying,	И пал Аврам на лице свое. Бог продолжал говорить с ним и сказал:
GEN 1:28	And God blessed them, and God said unto them, Be fruitful, and multiply, and replenish the earth, and subdue it: and have dominion over the fish of the sea, and over the fowl of the air, and over every living thing that moveth upon the earth.	И благословил их Бог, и сказал им Бог: плодитесь и размножайтесь, и наполняйте землю, и обладайте ею, и владычествуйте над рыбами морскими и над зверями, и над птицами небесными, и над всяким скотом, и над всею землею, и над всяким животным, пресмыкающимся по земле.
GEN 21:12	¶ And God said unto Abraham, Let it not be grievous in thy sight because of the lad, and because of thy bondwoman; in all that Sarah hath said unto thee, hearken unto her voice; for in Isaac shall thy seed be called.	Но Бог сказал Аврааму: не огорчайся ради отрока и рабыни твоей; во всем, что скажет тебе Сарра, слушайся голоса ее, ибо в Исааке наречется тебе семя;
GEN 21:13	And also of the son of the bondwoman will I make a nation, because he [is] thy seed.	и от сына рабыни Я произведу великий народ, потому что он семя твое.
GEN 21:8	And the child grew, and was weaned: and Abraham made a great feast the [same] day that Isaac was weaned.	Дитя выросло и отнято от груди; и Авраам сделал большой пир в тот день, когда Исаак сын его отнят был от груди.
GEN 24:38	But thou shalt go unto my father’s house, and to my kindred, and take a wife unto my son.	а пойди в дом отца моего и к родственникам моим, и возьмешь оттуда жену сыну моему.
GEN 25:25	And the first came out red, all over like an hairy garment; and they called his name Esau.	Первый вышел красный, весь, как кожа, косматый; и нарекли ему имя Исав.
GEN 26:14	For he had possession of flocks, and possession of herds, and great store of servants: and the Philistines envied him.	У него были стада мелкого и стада крупного скота и множество пахотных полей, и Филистимляне стали завидовать ему.
GEN 27:11	And Jacob said to Rebekah his mother, Behold, Esau my brother [is] a hairy man, and I [am] a smooth man:	Иаков сказал Ревекке, матери своей: Исав, брат мой, человек косматый, а я человек гладкий;
GEN 30:29	And he said unto him, Thou knowest how I have served thee, and how thy cattle was with me.	И сказал ему Иаков: ты знаешь, как я служил тебе, и каков стал скот твой при мне;
GEN 32:24	¶ And Jacob was left alone; and there wrestled a man with him until the breaking of the day.	И остался Иаков один. И боролся Некто с ним до появления зари;
GEN 34:23	[Shall] not their cattle and their substance and every beast of theirs [be] ours? only let us consent unto them, and they will dwell with us.	Не для нас ли стада их, и имение их, и весь скот их? Только в том согласимся с ними, и будут жить с нами.
GEN 35:16	¶ And they journeyed from Beth-el; and there was but a little way to come to Ephrath: and Rachel travailed, and she had hard labour.	И отправились из Вефиля. И раскинул он шатер свой за башнею Гадер. И когда еще оставалось некоторое расстояние земли до Ефрафы, Рахиль родила, и роды ее были трудны.
GEN 36:21	And Dishon, and Ezer, and Dishan: these [are] the dukes of the Horites, the children of Seir in the land of Edom.	Дишон, Эцер и Дишан. Сии старейшины Хорреев, сынов Сеира, в земле Едома.
GEN 36:26	And these [are] the children of Dishon; Hemdan, and Eshban, and Ithran, and Cheran.	Сии сыновья Дишона: Хемдан, Эшбан, Ифран и Херан.
GEN 36:5	And Aholibamah bare Jeush, and Jaalam, and Korah: these [are] the sons of Esau, which were born unto him in the land of Canaan.	Оливема родила Иеуса, Иеглома и Корея. Это сыновья Исава, родившиеся ему в земле Ханаанской.
GEN 37:15	¶ And a certain man found him, and, behold, [he was] wandering in the field: and the man asked him, saying, What seekest thou?	И нашел его некто блуждающим в поле, и спросил его тот человек, говоря: чего ты ищешь?
GEN 41:4	And the ill favoured and leanfleshed kine did eat up the seven well favoured and fat kine. So Pharaoh awoke.	и съели коровы худые видом и тощие плотью семь коров хороших видом и тучных. И проснулся фараон,
GEN 44:15	And Joseph said unto them, What deed [is] this that ye have done? wot ye not that such a man as I can certainly divine?	Иосиф сказал им: что это вы сделали? разве вы не знали, что такой человек, как я, конечно угадает?
GEN 47:1	Then Joseph came and told Pharaoh, and said, My father and my brethren, and their flocks, and their herds, and all that they have, are come out of the land of Canaan; and, behold, they [are] in the land of Goshen.	И пришел Иосиф и известил фараона и сказал: отец мой и братья мои, с мелким и крупным скотом своим и со всем, что у них, пришли из земли Ханаанской; и вот, они в земле Гесем.
GEN 47:13	¶ And [there was] no bread in all the land; for the famine [was] very sore, so that the land of Egypt and [all] the land of Canaan fainted by reason of the famine.	И не было хлеба по всей земле, потому что голод весьма усилился, и изнурены были от голода земля Египетская и земля Ханаанская.
GEN 47:5	And Pharaoh spake unto Joseph, saying, Thy father and thy brethren are come unto thee:	И сказал фараон Иосифу: отец твой и братья твои пришли к тебе;
GEN 48:21	And Israel said unto Joseph, Behold, I die: but God shall be with you, and bring you again unto the land of your fathers.	И сказал Израиль Иосифу: вот, я умираю; и Бог будет с вами и возвратит вас в землю отцов ваших;
GEN 49:29	And he charged them, and said unto them, I am to be gathered unto my people: bury me with my fathers in the cave that [is] in the field of Ephron the Hittite,	И заповедал он им и сказал им: я прилагаюсь к народу моему; похороните меня с отцами моими в пещере, которая на поле Ефрона Хеттеянина,
GEN 49:3	¶ Reuben, thou [art] my firstborn, my might, and the beginning of my strength, the excellency of dignity, and the excellency of power:	Рувим, первенец мой! ты крепость моя и начаток силы моей, верх достоинства и верх могущества;
GEN 49:6	O my soul, come not thou into their secret; unto their assembly, mine honour, be not thou united: for in their anger they slew a man, and in their selfwill they digged down a wall.	в совет их да не войдет душа моя, и к собранию их да не приобщится слава моя, ибо они во гневе своем убили мужа и по прихоти своей перерезали жилы тельца;
GEN 6:19	And of every living thing of all flesh, two of every [sort] shalt thou bring into the ark, to keep [them] alive with thee; they shall be male and female.	Введи также в ковчег из всякого скота, и из всех гадов, и из всех животных, и от всякой плоти по паре, чтоб они остались с тобою в живых; мужеского пола и женского пусть они будут.
GEN 7:11	¶ In the six hundredth year of Noah’s life, in the second month, the seventeenth day of the month, the same day were all the fountains of the great deep broken up, and the windows of heaven were opened.	В шестисотый год жизни Ноевой, во второй месяц, в семнадцатый день месяца, в сей день разверзлись все источники великой бездны, и окна небесные отворились;
GEN 7:12	And the rain was upon the earth forty days and forty nights.	и лился на землю дождь сорок дней и сорок ночей.
HAB 2:9	¶ Woe to him that coveteth an evil covetousness to his house, that he may set his nest on high, that he may be delivered from the power of evil!	Горе тому, кто жаждет неправедных приобретений для дома своего, чтобы устроить гнездо свое на высоте и тем обезопасить себя от руки несчастья!
HEB 13:20	Now the God of peace, that brought again from the dead our Lord Jesus, that great shepherd of the sheep, through the blood of the everlasting covenant,	Бог же мира, воздвигший из мертвых Пастыря овец великого Кровию завета вечного, Господа нашего Иисуса (Христа),
HEB 1:2	Hath in these last days spoken unto us by [his] Son, whom he hath appointed heir of all things, by whom also he made the worlds;	В последние дни сии говорил нам в Сыне, Которого поставил наследником всего, чрез Которого и веки сотворил.
HEB 7:19	For the law made nothing perfect, but the bringing in of a better hope [did]; by the which we draw nigh unto God.	Ибо закон ничего не довел до совершенства; но вводится лучшая надежда, посредством которой мы приближаемся к Богу.
HOS 13:14	I will ransom them from the power of the grave; I will redeem them from death: O death, I will be thy plagues; O grave, I will be thy destruction: repentance shall be hid from mine eyes.	От власти ада Я искуплю их, от смерти избавлю их. Смерть! где твое жало? ад! где твоя победа? Раскаяния в том не будет у Меня.
HOS 5:6	They shall go with their flocks and with their herds to seek the LORD; but they shall not find [him;] he hath withdrawn himself from them.	С овцами своими и волами своими пойдут искать Господа и не найдут Его: Он удалился от них.
ISA 10:33	Behold, the Lord, the LORD of hosts, shall lop the bough with terror: and the high ones of stature [shall be] hewn down, and the haughty shall be humbled.	Вот, Господь, Господь Саваоф, страшною силою сорвет ветви дерев, и величающиеся ростом будут срублены, высокие повержены на землю.
ISA 11:3	And shall make him of quick understanding in the fear of the LORD: and he shall not judge after the sight of his eyes, neither reprove after the hearing of his ears:	и страхом Господним исполнится, и будет судить не по взгляду очей Своих и не по слуху ушей Своих решать дела.
ISA 13:1	The burden of Babylon, which Isaiah the son of Amoz did see.	Пророчество о Вавилоне, которое изрек Исаия, сын Амосов.
ISA 14:5	The LORD hath broken the staff of the wicked, [and] the sceptre of the rulers.	Сокрушил Господь жезл нечестивых, скипетр владык,
ISA 25:9	¶ And it shall be said in that day, Lo, this [is] our God; we have waited for him, and he will save us: this [is] the LORD; we have waited for him, we will be glad and rejoice in his salvation.	И скажут в тот день: вот Он, Бог наш! на Него мы уповали, и Он спас нас! Сей есть Господь; на Него уповали мы; возрадуемся и возвеселимся во спасении Его!
ISA 32:6	For the vile person will speak villany, and his heart will work iniquity, to practise hypocrisy, and to utter error against the LORD, to make empty the soul of the hungry, and he will cause the drink of the thirsty to fail.	Ибо невежда говорит глупое, и сердце его помышляет о беззаконном, чтобы действовать лицемерно и произносить хулу на Господа, душу голодного лишать хлеба и отнимать питье у жаждущего.
ISA 34:13	And thorns shall come up in her palaces, nettles and brambles in the fortresses thereof: and it shall be an habitation of dragons, [and] a court for owls.	И зарастут дворцы ее колючими растениями, крапивою и репейником - твердыни ее; и будет она жилищем шакалов, пристанищем страусов.
ISA 37:11	Behold, thou hast heard what the kings of Assyria have done to all lands by destroying them utterly; and shalt thou be delivered?	Вот, ты слышал, что сделали цари Ассирийские со всеми землями, положив на них заклятие; ты ли уцелеешь?
ISA 37:24	By thy servants hast thou reproached the Lord, and hast said, By the multitude of my chariots am I come up to the height of the mountains, to the sides of Lebanon; and I will cut down the tall cedars thereof, [and] the choice fir trees thereof: and I will enter into the height of his border, [and] the forest of his Carmel.	Чрез рабов твоих ты порицал Господа и сказал: “со множеством колесниц моих я взошел на высоту гор, на ребра Ливана, и срубил рослые кедры его, отличные кипарисы его, и пришел на самую вершину его, в рощу сада его;
ISA 37:37	¶ So Sennacherib king of Assyria departed, and went and returned, and dwelt at Nineveh.	И отступил, и пошел, и возвратился Сеннахирим, царь Ассирийский, и жил в Ниневии.
ISA 41:18	I will open rivers in high places, and fountains in the midst of the valleys: I will make the wilderness a pool of water, and the dry land springs of water.	Открою на горах реки и среди долин источники; пустыню сделаю озером и сухую землю - источниками воды;
ISA 41:2	Who raised up the righteous [man] from the east, called him to his foot, gave the nations before him, and made [him] rule over kings? he gave [them] as the dust to his sword, [and] as driven stubble to his bow.	Кто воздвиг от востока мужа правды, призвал его следовать за собою, предал ему народы и покорил царей? Он обратил их мечом его в прах, луком его в солому, разносимую ветром.
ISA 44:19	And none considereth in his heart, neither [is there] knowledge nor understanding to say, I have burned part of it in the fire; yea, also I have baked bread upon the coals thereof; I have roasted flesh, and eaten [it:] and shall I make the residue thereof an abomination? shall I fall down to the stock of a tree?	И не возьмет он этого к своему сердцу, и нет у него столько знания и смысла, чтобы сказать: “половину его я сжег в огне и на угольях его испек хлеб, изжарил мясо и съел; а из остатка его сделаю ли я мерзость? буду ли поклоняться куску дерева?”
ISA 44:20	He feedeth on ashes: a deceived heart hath turned him aside, that he cannot deliver his soul, nor say, [Is there] not a lie in my right hand?	Он гоняется за пылью; обманутое сердце ввело его в заблуждение, и он не может освободить души своей и сказать: “не обман ли в правой руке моей?”
ISA 44:28	That saith of Cyrus, [He is] my shepherd, and shall perform all my pleasure: even saying to Jerusalem, Thou shalt be built; and to the temple, Thy foundation shall be laid.	Который говорит о Кире: пастырь Мой, и он исполнит всю волю Мою и скажет Иерусалиму: “ты будешь построен!” и храму: “ты будешь основан!”
ISA 45:5	¶ I [am] the LORD, and [there is] none else, [there is] no God beside me: I girded thee, though thou hast not known me:	Я Господь, и нет иного; нет Бога, кроме Меня; Я препоясал тебя, хотя ты не знал Меня,
ISA 45:6	That they may know from the rising of the sun, and from the west, that [there is] none beside me. I [am] the LORD, and [there is] none else.	дабы узнали от восхода солнца и от запада, что нет, кроме Меня; Я Господь, и нет иного.
ISA 46:2	They stoop, they bow down together; they could not deliver the burden, but themselves are gone into captivity.	Низверглись, пали вместе; не могли защитить носивших, и сами пошли в плен.
ISA 46:6	They lavish gold out of the bag, and weigh silver in the balance, [and] hire a goldsmith; and he maketh it a god: they fall down, yea, they worship.	Высыпают золото из кошелька и весят серебро на весах, и нанимают серебряника, чтобы он сделал из него бога; кланяются ему и повергаются перед ним;
ISA 47:1	Come down, and sit in the dust, O virgin daughter of Babylon, sit on the ground: [there is] no throne, O daughter of the Chaldeans: for thou shalt no more be called tender and delicate.	Сойди и сядь на прах, девица, дочь Вавилона; сиди на земле: престола нет, дочь Халдеев, и вперед не будут называть тебя нежною и роскошною.
ISA 49:22	Thus saith the Lord GOD, Behold, I will lift up mine hand to the Gentiles, and set up my standard to the people: and they shall bring thy sons in [their] arms, and thy daughters shall be carried upon [their] shoulders.	Так говорит Господь Бог: вот, Я подниму руку Мою к народам, и выставлю знамя Мое племенам, и принесут сыновей твоих на руках и дочерей твоих на плечах.
ISA 49:5	¶ And now, saith the LORD that formed me from the womb [to be] his servant, to bring Jacob again to him, Though Israel be not gathered, yet shall I be glorious in the eyes of the LORD, and my God shall be my strength.	И ныне говорит Господь, образовавший Меня от чрева в раба Себе, чтобы обратить к Нему Иакова и чтобы Израиль собрался к Нему; Я почтен в очах Господа, и Бог Мой - сила Моя.
ISA 53:10	¶ Yet it pleased the LORD to bruise him; he hath put [him] to grief: when thou shalt make his soul an offering for sin, he shall see [his] seed, he shall prolong [his] days, and the pleasure of the LORD shall prosper in his hand.	Но Господу угодно было поразить Его, и Он предал Его мучению; когда же душа Его принесет жертву умилостивления, Он узрит потомство долговечное, и воля Господня благоуспешно будет исполняться рукою Его.
ISA 59:17	For he put on righteousness as a breastplate, and an helmet of salvation upon his head; and he put on the garments of vengeance [for] clothing, and was clad with zeal as a cloke.	И Он возложил на Себя правду, как броню, и шлем спасения на главу Свою; и облекся в ризу мщения, как в одежду, и покрыл Себя ревностью, как плащом.
ISA 6:8	Also I heard the voice of the Lord, saying, Whom shall I send, and who will go for us? Then said I, Here [am] I; send me.	И услышал я голос Господа, говорящего: кого Мне послать? и кто пойдет для Нас? И я сказал: вот я, пошли меня.
ISA 7:24	With arrows and with bows shall [men] come thither; because all the land shall become briers and thorns.	Со стрелами и луками будут ходить туда, ибо вся земля будет терновником и колючим кустарником.
JAM 1:2	My brethren, count it all joy when ye fall into divers temptations;	С великою радостью принимайте, братия мои, когда впадаете в различные искушения,
JAM 2:20	But wilt thou know, O vain man, that faith without works is dead?	Но хочешь ли знать, неосновательный человек, что вера без дел мертва?
JAM 2:6	But ye have despised the poor. Do not rich men oppress you, and draw you before the judgment seats?	А вы презрели бедного. Не богатые ли притесняют вас, и не они ли влекут вас в суды?
JAM 3:2	For in many things we offend all. If any man offend not in word, the same [is] a perfect man, [and] able also to bridle the whole body.	ибо все мы много согрешаем. Кто не согрешает в слове, тот человек совершенный, могущий обуздать и все тело.
JDG 12:6	Then said they unto him, Say now Shibboleth: and he said Sibboleth: for he could not frame to pronounce [it] right. Then they took him, and slew him at the passages of Jordan: and there fell at that time of the Ephraimites forty and two thousand.	Они говорили ему “скажи: шибболет”, а он говорил: “сибболет”, и не мог иначе выговорить. Тогда они, взяв его, заколали у переправы чрез Иордан. И пало в то время из Ефремлян сорок две тысячи.
JDG 13:17	And Manoah said unto the angel of the LORD, What [is] thy name, that when thy sayings come to pass we may do thee honour?	И сказал Маной Ангелу Господню: как тебе имя? чтобы нам прославить тебя, когда исполнится слово твое.
JDG 13:21	But the angel of the LORD did no more appear to Manoah and to his wife. Then Manoah knew that he [was] an angel of the LORD.	И невидим стал Ангел Господень Маною и жене его. Тогда Маной узнал, что это Ангел Господень.
JDG 14:11	And it came to pass, when they saw him, that they brought thirty companions to be with him.	И как там увидели его, выбрали тридцать брачных друзей, которые были бы при нем.
JDG 15:10	And the men of Judah said, Why are ye come up against us? And they answered, To bind Samson are we come up, to do to him as he hath done to us.	И сказали жители Иудеи: за что вы вышли против нас? Они сказали: мы пришли связать Самсона, чтобы поступить с ним, как он поступил с нами.
JDG 15:19	But God clave an hollow place that [was] in the jaw, and there came water thereout; and when he had drunk, his spirit came again, and he revived: wherefore he called the name thereof En-hakkore, which [is] in Lehi unto this day.	И разверз Бог ямину в Лехе, и потекла из нее вода. Он напился, и возвратился дух его, и он ожил; оттого и наречено имя месту сему: “Источник взывающего”, который в Лехе до сего дня.
JDG 16:20	And she said, The Philistines [be] upon thee, Samson. And he awoke out of his sleep, and said, I will go out as at other times before, and shake myself. And he wist not that the LORD was departed from him.	Она сказала: Филистимляне идут на тебя, Самсон! Он пробудился от сна своего, и сказал: пойду, как и прежде, и освобожусь. А не знал, что Господь отступил от него.
JDG 19:3	And her husband arose, and went after her, to speak friendly unto her, [and] to bring her again, having his servant with him, and a couple of asses: and she brought him into her father’s house: and when the father of the damsel saw him, he rejoiced to meet him.	Муж ее встал и пошел за нею, чтобы поговорить к сердцу ее и возвратить ее к себе. С ним был слуга его и пара ослов. Она ввела его в дом отца своего.
JDG 19:6	And they sat down, and did eat and drink both of them together: for the damsel’s father had said unto the man, Be content, I pray thee, and tarry all night, and let thine heart be merry.	Они остались, и оба вместе ели и пили. И сказал отец молодой женщины человеку тому: останься еще на ночь, и пусть повеселится сердце твое.
JDG 20:45	And they turned and fled toward the wilderness unto the rock of Rimmon: and they gleaned of them in the highways five thousand men; and pursued hard after them unto Gidom, and slew two thousand men of them.	Оставшиеся оборотились и побежали к пустыне, к скале Риммону, и побили еще Израильтяне на дорогах пять тысяч человек; и гнались за ними до Гидома и еще убили из них две тысячи человек.
JDG 21:16	¶ Then the elders of the congregation said, How shall we do for wives for them that remain, seeing the women are destroyed out of Benjamin?	И сказали старейшины общества: что нам делать с оставшимися касательно жен, ибо истреблены женщины у Вениамина?
JDG 5:26	She put her hand to the nail, and her right hand to the workmen’s hammer; and with the hammer she smote Sisera, she smote off his head, when she had pierced and stricken through his temples.	Левую руку свою протянула к колу, а правую свою к молоту работников; ударила Сисару, поразила голову его, разбила и пронзила висок его.
JDG 5:29	Her wise ladies answered her, yea, she returned answer to herself,	Умные из ее женщин отвечают ей, и сама она отвечает на слова свои:
JDG 6:34	But the Spirit of the LORD came upon Gideon, and he blew a trumpet; and Abi-ezer was gathered after him.	И Дух Господень объял Гедеона; он вострубил трубою, и созвано было племя Авиезерово идти за ним.
JDG 8:26	And the weight of the golden earrings that he requested was a thousand and seven hundred [shekels] of gold; beside ornaments, and collars, and purple raiment that [was] on the kings of Midian, and beside the chains that [were] about their camels’ necks.	Весу в золотых серьгах, которые он выпросил, было тысяча семьсот золотых сиклей, кроме пряжек, пуговиц и пурпуровых одежд, которые были на царях Мадиамских, и кроме золотых цепочек, которые были на шее у верблюдов их.
JER 10:1	Hear ye the word which the LORD speaketh unto you, O house of Israel:	Слушайте слово, которое Господь говорит вам, дом Израилев.
JER 13:6	And it came to pass after many days, that the LORD said unto me, Arise, go to Euphrates, and take the girdle from thence, which I commanded thee to hide there.	По прошествии же многих дней сказал мне Господь: встань, пойди к Евфрату и возьми оттуда пояс, который Я велел тебе спрятать там.
JER 15:13	Thy substance and thy treasures will I give to the spoil without price, and [that] for all thy sins, even in all thy borders.	Имущество твое и сокровища твои отдам на расхищение, без платы, за все грехи твои, во всех пределах твоих;
JER 19:8	And I will make this city desolate, and an hissing; every one that passeth thereby shall be astonished and hiss because of all the plagues thereof.	И сделаю город сей ужасом и посмеянием; каждый, проходящий через него, изумится и посвищет, смотря на все язвы его.
JER 1:15	For, lo, I will call all the families of the kingdoms of the north, saith the LORD; and they shall come, and they shall set every one his throne at the entering of the gates of Jerusalem, and against all the walls thereof round about, and against all the cities of Judah.	Ибо вот, Я призову все племена царств северных, говорит Господь, и придут они, и поставят каждый престол свой при входе в ворота Иерусалима, и вокруг всех стен его, и во всех городах Иудейских.
JER 21:13	Behold, I [am] against thee, O inhabitant of the valley, [and] rock of the plain, saith the LORD; which say, Who shall come down against us? or who shall enter into our habitations?	Вот, Я - против тебя, жительница долины, скала равнины, говорит Господь, - против вас, которые говорите: “кто выступит против нас и кто войдет в жилища наши?”
JER 21:9	He that abideth in this city shall die by the sword, and by the famine, and by the pestilence: but he that goeth out, and falleth to the Chaldeans that besiege you, he shall live, and his life shall be unto him for a prey.	кто останется в этом городе, тот умрет от меча и голода и моровой язвы; а кто выйдет и предастся Халдеям, осаждающим вас, тот будет жив, и душа его будет ему вместо добычи;
JER 2:29	Wherefore will ye plead with me? ye all have transgressed against me, saith the LORD.	Для чего вам состязаться со Мною? - все вы нечестиво поступали и согрешали против Меня, говорит Господь.
JER 30:21	And their nobles shall be of themselves, and their governor shall proceed from the midst of them; and I will cause him to draw near, and he shall approach unto me: for who [is] this that engaged his heart to approach unto me? saith the LORD.	И будет вождь его из него самого, и владыка его произойдет из среды его; и Я приближу его, и он приступит ко Мне; ибо кто отважится сам собою приблизиться ко Мне? говорит Господь.
JER 32:3	For Zedekiah king of Judah had shut him up, saying, Wherefore dost thou prophesy, and say, Thus saith the LORD, Behold, I will give this city into the hand of the king of Babylon, and he shall take it;	Седекия, царь Иудейский, заключил его туда, сказав: “зачем ты пророчествуешь и говоришь: так говорит Господь: вот, Я отдаю город сей в руки царя Вавилонского, и он возьмет его;
JER 32:5	And he shall lead Zedekiah to Babylon, and there shall he be until I visit him, saith the LORD: though ye fight with the Chaldeans, ye shall not prosper.	и он отведет Седекию в Вавилон, где он и будет, доколе не посещу его, говорит Господь. Если вы будете воевать с Халдеями, то не будете иметь успеха?”
JER 36:17	And they asked Baruch, saying, Tell us now, How didst thou write all these words at his mouth?	И спросили Варуха: скажи же нам, как ты написал все слова сии из уст его?
JER 38:19	And Zedekiah the king said unto Jeremiah, I am afraid of the Jews that are fallen to the Chaldeans, lest they deliver me into their hand, and they mock me.	И сказал царь Седекия Иеремии: я боюсь Иудеев, которые перешли к Халдеям, чтобы Халдеи не предали меня в руки их, и чтобы те не надругались надо мною.
JER 39:9	Then Nebuzar-adan the captain of the guard carried away captive into Babylon the remnant of the people that remained in the city, and those that fell away, that fell to him, with the rest of the people that remained.	А остаток народа, остававшийся в городе, и перебежчиков, которые перешли к нему, и прочий оставшийся народ Навузардан, начальник телохранителей, переселил в Вавилон.
JER 42:3	That the LORD thy God may shew us the way wherein we may walk, and the thing that we may do.	чтобы Господь, Бог твой, указал нам путь, по которому нам идти, и то, что нам делать.
JER 46:1	The word of the LORD which came to Jeremiah the prophet against the Gentiles;	Слово Господне, которое было к Иеремии пророку о народах языческих:
JER 52:3	For through the anger of the LORD it came to pass in Jerusalem and Judah, till he had cast them out from his presence, that Zedekiah rebelled against the king of Babylon.	посему гнев Господа был над Иерусалимом и Иудою до того, что Он отверг их от лица Своего; и Седекия отложился от царя Вавилонского.
JER 5:2	And though they say, The LORD liveth; surely they swear falsely.	Хотя и говорят они: “жив Господь!”, но клянутся ложно.
JER 5:20	Declare this in the house of Jacob, and publish it in Judah, saying,	Объявите это в доме Иакова и возвестите в Иудее, говоря:
JER 5:7	¶ How shall I pardon thee for this? thy children have forsaken me, and sworn by [them that are] no gods: when I had fed them to the full, they then committed adultery, and assembled themselves by troops in the harlots’ houses.	Как же Мне простить тебя за это? Сыновья твои оставили Меня и клянутся теми, которые не боги. Я насыщал их, а они прелюбодействовали и толпами ходили в домы блудниц.
JER 6:28	They [are] all grievous revolters, walking with slanders: [they are] brass and iron; they [are] all corrupters.	Все они - упорные отступники, живут клеветою; это медь и железо, - все они развратители.
JER 7:16	Therefore pray not thou for this people, neither lift up cry nor prayer for them, neither make intercession to me: for I will not hear thee.	Ты же не проси за этот народ и не возноси за них молитвы и прошения, и не ходатайствуй предо Мною, ибо Я не услышу тебя.
JER 7:28	But thou shalt say unto them, This [is] a nation that obeyeth not the voice of the LORD their God, nor receiveth correction: truth is perished, and is cut off from their mouth.	Тогда скажи им: вот народ, который не слушает гласа Господа Бога своего и не принимает наставления! Не стало у них истины, она отнята от уст их.
JER 7:9	Will ye steal, murder, and commit adultery, and swear falsely, and burn incense unto Baal, and walk after other gods whom ye know not;	Как! вы крадете, убиваете и прелюбодействуете, и клянетесь во лжи и кадите Ваалу, и ходите во след иных богов, которых вы не знаете,
JOB 15:13	That thou turnest thy spirit against God, and lettest [such] words go out of thy mouth?	Что устремляешь против Бога дух твой и устами твоими произносишь такие речи?
JOB 15:14	What [is] man, that he should be clean? and [he which is] born of a woman, that he should be righteous?	Что такое человек, чтоб быть ему чистым, и чтобы рожденному женщиною быть праведным?
JOB 15:24	Trouble and anguish shall make him afraid; they shall prevail against him, as a king ready to the battle.	Устрашает его нужда и теснота; одолевает его, как царь, приготовившийся к битве,
JOB 19:20	My bone cleaveth to my skin and to my flesh, and I am escaped with the skin of my teeth.	Кости мои прилипли к коже моей и плоти моей, и я остался только с кожею около зубов моих.
JOB 1:8	And the LORD said unto Satan, Hast thou considered my servant Job, that [there is] none like him in the earth, a perfect and an upright man, one that feareth God, and escheweth evil?	И сказал Господь сатане: обратил ли ты внимание твое на раба Моего Иова? ибо нет такого, как он, на земле: человек непорочный, справедливый, богобоязненный и удаляющийся от зла.
JOB 22:27	Thou shalt make thy prayer unto him, and he shall hear thee, and thou shalt pay thy vows.	Помолишься Ему, и Он услышит тебя, и ты исполнишь обеты твои.
JOB 24:17	For the morning [is] to them even as the shadow of death: if [one] know [them, they are in] the terrors of the shadow of death.	Ибо для них утро смертная тень, так как они знакомы с ужасами смертной тени.
JOB 24:21	He evil entreateth the barren [that] beareth not: and doeth not good to the widow.	который угнетает бездетную, не рождавшую, и вдове не делает добра.
JOB 28:28	And unto man he said, Behold, the fear of the Lord, that [is] wisdom; and to depart from evil [is] understanding.	и сказал человеку: вот, страх Господень есть истинная премудрость, и удаление от зла - разум.
JOB 33:8	Surely thou hast spoken in mine hearing, and I have heard the voice of [thy] words, [saying],	Ты говорил в уши мои, и я слышал звук слов:
JOB 37:15	Dost thou know when God disposed them, and caused the light of his cloud to shine?	Знаешь ли, как Бог располагает ими и повелевает свету блистать из облака Своего?
JOB 3:1	After this opened Job his mouth, and cursed his day.	После того открыл Иов уста свои и проклял день свой.
JOB 4:12	Now a thing was secretly brought to me, and mine ear received a little thereof.	И вот, ко мне тайно принеслось слово, и ухо мое приняло нечто от него.
JOB 5:9	Which doeth great things and unsearchable; marvellous things without number:	Который творит дела великие и неисследимые, чудные без числа,
JOB 6:18	The paths of their way are turned aside; they go to nothing, and perish.	Уклоняют они направление путей своих, заходят в пустыню и теряются;
JOB 6:9	Even that it would please God to destroy me; that he would let loose his hand, and cut me off!	О, если бы благоволил Бог сокрушить меня, простер руку Свою и сразил меня!
JOE 3:13	Put ye in the sickle, for the harvest is ripe: come, get you down; for the press is full, the fats overflow; for their wickedness [is] great.	Пустите в дело серпы, ибо жатва созрела; идите, спуститесь, ибо точило полно и подточилия переливаются, потому что злоба их велика.
JOH 10:10	The thief cometh not, but for to steal, and to kill, and to destroy: I am come that they might have life, and that they might have [it] more abundantly.	Вор приходит только для того, чтобы украсть, убить и погубить. Я пришел для того, чтобы имели жизнь, и имели с избытком.
JOH 10:9	I am the door: by me if any man enter in, he shall be saved, and shall go in and out, and find pasture.	Я есмь дверь: кто войдет Мною, тот спасется, и войдет, и выйдет, и пажить найдет.
JOH 11:47	¶ Then gathered the chief priests and the Pharisees a council, and said, What do we? for this man doeth many miracles.	Тогда первосвященники и фарисеи собрали совет и говорили: что нам делать? Этот Человек много чудес творит.
JOH 16:15	All things that the Father hath are mine: therefore said I, that he shall take of mine, and shall shew [it] unto you.	Все, что имеет Отец, есть Мое; потому Я сказал, что от Моего возьмет и возвестит вам.
JOH 19:29	Now there was set a vessel full of vinegar: and they filled a spunge with vinegar, and put [it] upon hyssop, and put [it] to his mouth.	Тут стоял сосуд, полный уксуса. Воины, напоив уксусом губку и наложив на иссоп, поднесли к устам Его.
JOH 20:3	Peter therefore went forth, and that other disciple, and came to the sepulchre.	Тотчас вышел Петр и другой ученик, и пошли ко гробу.
JOH 2:25	And needed not that any should testify of man: for he knew what was in man.	и не имел нужды, чтобы кто засвидетельствовал о человеке, ибо Сам знал, что в человеке.
JOH 5:14	Afterward Jesus findeth him in the temple, and said unto him, Behold, thou art made whole: sin no more, lest a worse thing come unto thee.	Потом Иисус встретил его в храме и сказал ему: вот, ты выздоровел; не греши больше, чтобы не случилось с тобою чего хуже.
JOH 6:64	But there are some of you that believe not. For Jesus knew from the beginning who they were that believed not, and who should betray him.	Но есть из вас некоторые неверующие. Ибо Иисус от начала знал, кто суть неверующие и кто предаст Его.
JOH 7:1	After these things Jesus walked in Galilee: for he would not walk in Jewry, because the Jews sought to kill him.	После сего Иисус ходил по Галилее, ибо по Иудее не хотел ходить, потому что Иудеи искали убить Его.
JOH 8:14	Jesus answered and said unto them, Though I bear record of myself, [yet] my record is true: for I know whence I came, and whither I go; but ye cannot tell whence I come, and whither I go.	Иисус сказал им в ответ: если Я и Сам о Себе свидетельствую, свидетельство Мое истинно; потому что Я знаю, откуда пришел и куда иду; а вы не знаете, откуда Я и куда иду.
JOH 8:44	Ye are of [your] father the devil, and the lusts of your father ye will do. He was a murderer from the beginning, and abode not in the truth, because there is no truth in him. When he speaketh a lie, he speaketh of his own: for he is a liar, and the father of it.	Ваш отец диавол; и вы хотите исполнять похоти отца вашего. Он был человекоубийца от начала и не устоял в истине, ибо нет в нем истины. Когда говорит он ложь, говорит свое, ибо он лжец и отец лжи.
JON 2:7	When my soul fainted within me I remembered the LORD: and my prayer came in unto thee, into thine holy temple.	До основания гор я нисшел, земля своими запорами навек заградила меня; но Ты, Господи Боже мой, изведешь душу мою из ада.
JON 3:10	¶ And God saw their works, that they turned from their evil way; and God repented of the evil, that he had said that he would do unto them; and he did [it] not.	И увидел Бог дела их, что они обратились от злого пути своего, и пожалел Бог о бедствии, о котором сказал, что наведет на них, и не навел.
JON 3:7	And he caused [it] to be proclaimed and published through Nineveh by the decree of the king and his nobles, saying, Let neither man nor beast, herd nor flock, taste any thing: let them not feed, nor drink water:	и повелел провозгласить и сказать в Ниневии от имени царя и вельмож его: “чтобы ни люди, ни скот, ни волы, ни овцы ничего не ели, не ходили на пастбище и воды не пили,
JOS 10:17	And it was told Joshua, saying, The five kings are found hid in a cave at Makkedah.	Когда донесено было Иисусу и сказано: “нашлись пять царей, они скрываются в пещере в Македе”,
JOS 10:25	And Joshua said unto them, Fear not, nor be dismayed, be strong and of good courage: for thus shall the LORD do to all your enemies against whom ye fight.	Иисус сказал им: не бойтесь и не ужасайтесь, будьте тверды и мужественны; ибо так поступит Господь со всеми врагами вашими, с которыми будете воевать.
JOS 13:32	These [are the countries] which Moses did distribute for inheritance in the plains of Moab, on the other side Jordan, by Jericho, eastward.	Вот что Моисей дал в удел на равнинах Моавитских за Иорданом против Иерихона к востоку.
JOS 14:6	¶ Then the children of Judah came unto Joshua in Gilgal: and Caleb the son of Jephunneh the Kenezite said unto him, Thou knowest the thing that the LORD said unto Moses the man of God concerning me and thee in Kadesh-barnea.	Сыны Иудины пришли в Галгал к Иисусу. И сказал ему Халев, сын Иефоннии, Кенезеянин: ты знаешь, что говорил Господь Моисею, человеку Божию, о мне и о тебе в Кадес-Варне;
JOS 17:2	There was also [a lot] for the rest of the children of Manasseh by their families; for the children of Abiezer, and for the children of Helek, and for the children of Asriel, and for the children of Shechem, and for the children of Hepher, and for the children of Shemida: these [were] the male children of Manasseh the son of Joseph by their families.	Достались уделы и прочим сынам Манассии, по племенам их, и сынам Авиезера, и сынам Хелека, и сынам Асриила, и сынам Шехема, и сынам Хефера, и сынам Шемиды. Вот дети Манассии, сына Иосифова, мужеского пола, по племенам их.
JOS 19:35	And the fenced cities [are] Ziddim, Zer, and Hammath, Rakkath, and Chinnereth,	Города укрепленные: Циддим, Цер, Хамаф, Раккаф и Хиннереф,
JOS 1:5	There shall not any man be able to stand before thee all the days of thy life: as I was with Moses, [so] I will be with thee: I will not fail thee, nor forsake thee.	Никто не устоит пред тобою во все дни жизни твоей; и как Я был с Моисеем, так буду и с тобою: не отступлю от тебя и не оставлю тебя.
JOS 21:5	And the rest of the children of Kohath [had] by lot out of the families of the tribe of Ephraim, and out of the tribe of Dan, and out of the half tribe of Manasseh, ten cities.	а прочим сынам Каафа от племен колен Ефремова, и от колена Данова, и от половины колена Манассиина, по жребию, досталось десять городов;
JOS 22:5	But take diligent heed to do the commandment and the law, which Moses the servant of the LORD charged you, to love the LORD your God, and to walk in all his ways, and to keep his commandments, and to cleave unto him, and to serve him with all your heart and with all your soul.	только старайтесь тщательно исполнять заповеди и закон, который завещал вам Моисей, раб Господень: любить Господа Бога вашего, ходить всеми путями Его, хранить заповеди Его, прилепляться к Нему и служить Ему всем сердцем вашим и всею душею вашею.
JOS 24:24	And the people said unto Joshua, The LORD our God will we serve, and his voice will we obey.	Народ сказал Иисусу: Господу Богу нашему будем служить и гласа Его будем слушать.
JOS 24:27	And Joshua said unto all the people, Behold, this stone shall be a witness unto us; for it hath heard all the words of the LORD which he spake unto us: it shall be therefore a witness unto you, lest ye deny your God.	И сказал Иисус всему народу: вот, камень сей будет нам свидетелем, ибо он слышал все слова Господа, которые Он говорил с нами сегодня; он да будет свидетелем против вас в последующие дни, чтобы вы не солгали пред Господом Богом вашим.
JOS 2:2	And it was told the king of Jericho, saying, Behold, there came men in hither to night of the children of Israel to search out the country.	И сказано было царю Иерихонскому: вот, какие-то люди из сынов Израилевых пришли сюда в эту ночь, чтобы высмотреть землю.
JOS 4:13	About forty thousand prepared for war passed over before the LORD unto battle, to the plains of Jericho.	Около сорока тысяч вооруженных на брань перешло пред Господом на равнины Иерихонские, чтобы сразиться.
JOS 6:19	But all the silver, and gold, and vessels of brass and iron, [are] consecrated unto the LORD: they shall come into the treasury of the LORD.	Народ воскликнул, и затрубили трубами. Как скоро услышал народ голос трубы, воскликнул народ весь вместе громким и сильным голосом, и обрушилась вся стена города до своего основания, и весь народ пошел в город, каждый с своей стороны, и взяли город.
JOS 8:14	¶ And it came to pass, when the king of Ai saw [it], that they hasted and rose up early, and the men of the city went out against Israel to battle, he and all his people, at a time appointed, before the plain; but he wist not that [there were] liers in ambush against him behind the city.	Когда увидел это царь Гайский, тотчас с жителями города, встав рано, выступил против Израиля на сражение, он и весь народ его, на назначенное место пред равниною; а он не знал, что для него есть засада позади города его.
JUD 1:17	But, beloved, remember ye the words which were spoken before of the apostles of our Lord Jesus Christ;	Но вы, возлюбленные, помните предсказанное Апостолами Господа нашего Иисуса Христа.
LAM 1:16	For these [things] I weep; mine eye, mine eye runneth down with water, because the comforter that should relieve my soul is far from me: my children are desolate, because the enemy prevailed.	Об этом плачу я; око мое, око мое изливает воды, ибо далеко от меня утешитель, который оживил бы душу мою; дети мои разорены, потому что враг превозмог.
LAM 3:42	We have transgressed and have rebelled: thou hast not pardoned.	мы отпали и упорствовали; Ты не пощадил.
LEV 11:22	[Even] these of them ye may eat; the locust after his kind, and the bald locust after his kind, and the beetle after his kind, and the grasshopper after his kind.	сих ешьте из них: саранчу с ее породою, солам с ее породою, харгол с ее породою и хагаб с ее породою.
LEV 13:22	And if it spread much abroad in the skin, then the priest shall pronounce him unclean: it [is] a plague.	если она станет очень распространяться по коже, то священник объявит его нечистым: это язва;
LEV 13:23	But if the bright spot stay in his place, [and] spread not, it [is] a burning boil; and the priest shall pronounce him clean.	если же пятно остается на своем месте и не распространяется, то это воспаление нарыва, и священник объявит его чистым.
LEV 15:33	And of her that is sick of her flowers, and of him that hath an issue, of the man, and of the woman, and of him that lieth with her that is unclean.	и о страдающей очищением своим, и о имеющих истечение, мужчине или женщине, и о муже, который переспит с нечистою.
LEV 18:9	The nakedness of thy sister, the daughter of thy father, or daughter of thy mother, [whether she be] born at home, or born abroad, [even] their nakedness thou shalt not uncover.	Наготы сестры твоей, дочери отца твоего или дочери матери твоей, родившейся в доме или вне дома, не открывай наготы их.
LEV 19:32	¶ Thou shalt rise up before the hoary head, and honour the face of the old man, and fear thy God: I [am] the LORD.	Пред лицом седого вставай и почитай лице старца, и бойся Господа Бога твоего. Я Господь Бог ваш.
LEV 19:4	¶ Turn ye not unto idols, nor make to yourselves molten gods: I [am] the LORD your God.	Не обращайтесь к идолам и богов литых не делайте себе. Я Господь, Бог ваш.
LEV 21:4	[But] he shall not defile himself, [being] a chief man among his people, to profane himself.	и прикосновением к кому бы то ни было в народе своем не должен он осквернять себя, чтобы не сделаться нечистым.
LEV 22:27	When a bullock, or a sheep, or a goat, is brought forth, then it shall be seven days under the dam; and from the eighth day and thenceforth it shall be accepted for an offering made by fire unto the LORD.	когда родится теленок, или ягненок, или козленок, то семь дней он должен пробыть при матери своей, а от восьмого дня и далее будет благоугоден для приношения в жертву Господу;
LEV 26:25	And I will bring a sword upon you, that shall avenge the quarrel of [my] covenant: and when ye are gathered together within your cities, I will send the pestilence among you; and ye shall be delivered into the hand of the enemy.	и наведу на вас мстительный меч в отмщение за завет; если же вы укроетесь в города ваши, то пошлю на вас язву, и преданы будете в руки врага;
LEV 26:9	For I will have respect unto you, and make you fruitful, and multiply you, and establish my covenant with you.	призрю на вас и благословлю вас, и плодородными сделаю вас, и размножу вас, и буду тверд в завете Моем с вами;
LEV 27:13	But if he will at all redeem it, then he shall add a fifth [part] thereof unto thy estimation.	если же кто хочет выкупить ее, то пусть прибавит пятую долю к оценке твоей.
LEV 27:19	And if he that sanctified the field will in any wise redeem it, then he shall add the fifth [part] of the money of thy estimation unto it, and it shall be assured to him.	если же захочет выкупить поле посвятивший его, то пусть он прибавит пятую часть серебра оценки твоей, и оно останется за ним;
LEV 5:11	¶ But if he be not able to bring two turtledoves, or two young pigeons, then he that sinned shall bring for his offering the tenth part of an ephah of fine flour for a sin offering; he shall put no oil upon it, neither shall he put [any] frankincense thereon: for it [is] a sin offering.	Если же он не в состоянии принести двух горлиц или двух молодых голубей, пусть принесет за то, что согрешил, десятую часть ефы пшеничной муки в жертву за грех; пусть не льет на нее елея, и ливана пусть не кладет на нее, ибо это жертва за грех;
LEV 6:10	And the priest shall put on his linen garment, and his linen breeches shall he put upon his flesh, and take up the ashes which the fire hath consumed with the burnt offering on the altar, and he shall put them beside the altar.	и пусть священник оденется в льняную одежду свою, и наденет на тело свое льняное нижнее платье, и снимет пепел от всесожжения, которое сжег огонь на жертвеннике, и положит его подле жертвенника;
LEV 7:36	Which the LORD commanded to be given them of the children of Israel, in the day that he anointed them, [by] a statute for ever throughout their generations.	который повелел Господь давать им со дня помазания их от сынов Израилевых. Это вечное постановление в роды их.
LUK 13:16	And ought not this woman, being a daughter of Abraham, whom Satan hath bound, lo, these eighteen years, be loosed from this bond on the sabbath day?	сию же дочь Авраамову, которую связал сатана вот уже восемнадцать лет, не надлежало ли освободить от уз сих в день субботний?
LUK 14:18	And they all with one [consent] began to make excuse. The first said unto him, I have bought a piece of ground, and I must needs go and see it: I pray thee have me excused.	И начали все, как бы сговорившись, извиняться. Первый сказал ему: я купил землю и мне нужно пойти посмотреть ее; прошу тебя, извини меня.
LUK 16:28	For I have five brethren; that he may testify unto them, lest they also come into this place of torment.	ибо у меня пять братьев; пусть он засвидетельствует им, чтобы и они не пришли в это место мучения.
LUK 17:11	¶ And it came to pass, as he went to Jerusalem, that he passed through the midst of Samaria and Galilee.	Идя в Иерусалим, Он проходил между Самариею и Галилеею.
LUK 17:18	There are not found that returned to give glory to God, save this stranger.	как они не возвратились воздать славу Богу, кроме сего иноплеменника?
LUK 18:2	Saying, There was in a city a judge, which feared not God, neither regarded man:	говоря: в одном городе был судья, который Бога не боялся и людей не стыдился.
LUK 19:39	And some of the Pharisees from among the multitude said unto him, Master, rebuke thy disciples.	И некоторые фарисеи из среды народа сказали Ему: Учитель! запрети ученикам Твоим.
LUK 20:2	And spake unto him, saying, Tell us, by what authority doest thou these things? or who is he that gave thee this authority?	и сказали Ему: скажи нам, какою властью Ты это делаешь, или кто дал Тебе власть сию?
LUK 20:34	And Jesus answering said unto them, The children of this world marry, and are given in marriage:	Иисус сказал им в ответ: чада века сего женятся и выходят замуж;
LUK 21:7	And they asked him, saying, Master, but when shall these things be? and what sign [ will there be] when these things shall come to pass?	И спросили Его: Учитель! когда же это будет? и какой признак, когда это должно произойти?
LUK 22:3	¶ Then entered Satan into Judas surnamed Iscariot, being of the number of the twelve.	Вошел же сатана в Иуду, прозванного Искариотом, одного из числа двенадцати,
LUK 22:62	And Peter went out, and wept bitterly.	И, выйдя вон, горько заплакал.
LUK 2:27	And he came by the Spirit into the temple: and when the parents brought in the child Jesus, to do for him after the custom of the law,	И пришел он по вдохновению в храм. И, когда родители принесли Младенца Иисуса, чтобы совершить над Ним законный обряд,
LUK 2:9	And, lo, the angel of the Lord came upon them, and the glory of the Lord shone round about them: and they were sore afraid.	Вдруг предстал им Ангел Господень, и слава Господня осияла их; и убоялись страхом великим.
LUK 4:15	And he taught in their synagogues, being glorified of all.	Он учил в синагогах их, и от всех был прославляем.
LUK 5:19	And when they could not find by what [way] they might bring him in because of the multitude, they went upon the housetop, and let him down through the tiling with [his] couch into the midst before Jesus.	и, не найдя, где пронести его за многолюдством, влезли на верх дома и сквозь кровлю спустили его с постелью на средину пред Иисуса.
LUK 5:25	And immediately he rose up before them, and took up that whereon he lay, and departed to his own house, glorifying God.	И он тотчас встал перед ними, взял, на чем лежал, и пошел в дом свой, славя Бога.
LUK 7:8	For I also am a man set under authority, having under me soldiers, and I say unto one, Go, and he goeth; and to another, Come, and he cometh; and to my servant, Do this, and he doeth [it].	Ибо я и подвластный человек, но, имея у себя в подчинении воинов, говорю одному: пойди, и идет; и другому: приди, и приходит; и слуге моему: сделай то, и делает.
LUK 9:45	But they understood not this saying, and it was hid from them, that they perceived it not: and they feared to ask him of that saying.	Но они не поняли слова сего, и оно было закрыто от них, так что они не постигли его, а спросить Его о сем слове боялись.
MAR 10:31	But many [that are] first shall be last; and the last first.	Многие же будут первые последними, и последние первыми.
MAR 15:15	¶ And [so] Pilate, willing to content the people, released Barabbas unto them, and delivered Jesus, when he had scourged [him], to be crucified.	Тогда Пилат, желая сделать угодное народу, отпустил им Варавву, а Иисуса, бив, предал на распятие.
MAR 5:19	Howbeit Jesus suffered him not, but saith unto him, Go home to thy friends, and tell them how great things the Lord hath done for thee, and hath had compassion on thee.	Но Иисус не дозволил ему, а сказал: иди домой к своим и расскажи им, что сотворил с тобою Господь и как помиловал тебя.
MAR 5:29	And straightway the fountain of her blood was dried up; and she felt in her body that she was healed of that plague.	И тотчас иссяк у ней источник крови, и она ощутила в теле, что исцелена от болезни.
MAR 5:42	And straightway the damsel arose, and walked; for she was [of the age] of twelve years. And they were astonished with a great astonishment.	И девица тотчас встала и начала ходить, ибо была лет двенадцати. Видевшие пришли в великое изумление.
MAR 6:55	And ran through that whole region round about, and began to carry about in beds those that were sick, where they heard he was.	обежали всю окрестность ту и начали на постелях приносить больных туда, где Он, как слышно было, находился.
MAR 8:25	After that he put [his] hands again upon his eyes, and made him look up: and he was restored, and saw every man clearly.	Потом опять возложил руки на глаза ему и велел ему взглянуть. И он исцелел и стал видеть все ясно.
MAR 8:37	Or what shall a man give in exchange for his soul?	Или какой выкуп даст человек за душу свою?
MAR 9:25	When Jesus saw that the people came running together, he rebuked the foul spirit, saying unto him, [Thou] dumb and deaf spirit, I charge thee, come out of him, and enter no more into him.	Иисус, видя, что сбегается народ, запретил духу нечистому, сказав ему: дух немой и глухой! Я повелеваю тебе, выйди из него и впредь не входи в него.
MAR 9:27	But Jesus took him by the hand, and lifted him up; and he arose.	Но Иисус, взяв его за руку, поднял его; и он встал.
MAT 11:25	¶ At that time Jesus answered and said, I thank thee, O Father, Lord of heaven and earth, because thou hast hid these things from the wise and prudent, and hast revealed them unto babes.	В то время, продолжая речь, Иисус сказал: славлю Тебя, Отче, Господи неба и земли, что Ты утаил сие от мудрых и разумных и открыл то младенцам;
MAT 11:6	And blessed is [he], whosoever shall not be offended in me.	и блажен, кто не соблазнится о Мне.
MAT 12:13	Then saith he to the man, Stretch forth thine hand. And he stretched [it] forth; and it was restored whole, like as the other.	Тогда говорит человеку тому: протяни руку твою. И он протянул, и стала она здорова, как другая.
MAT 18:19	Again I say unto you, That if two of you shall agree on earth as touching any thing that they shall ask, it shall be done for them of my Father which is in heaven.	Истинно также говорю вам, что если двое из вас согласятся на земле просить о всяком деле, то, чего бы ни попросили, будет им от Отца Моего Небесного,
MAT 19:10	¶ His disciples say unto him, If the case of the man be so with [his] wife, it is not good to marry.	Говорят Ему ученики Его: если такова обязанность человека к жене, то лучше не жениться.
MAT 19:25	When his disciples heard [it], they were exceedingly amazed, saying, Who then can be saved?	Услышав это, ученики Его весьма изумились и сказали: так кто же может спастись?
MAT 22:10	So those servants went out into the highways, and gathered together all as many as they found, both bad and good: and the wedding was furnished with guests.	И рабы те, выйдя на дороги, собрали всех, кого только нашли, и злых и добрых; и брачный пир наполнился возлежащими.
MAT 22:34	¶ But when the Pharisees had heard that he had put the Sadducees to silence, they were gathered together.	А фарисеи, услышав, что Он привел саддукеев в молчание, собрались вместе.
MAT 22:6	And the remnant took his servants, and entreated them spitefully, and slew [them].	прочие же, схватив рабов его, оскорбили и убили их.
MAT 23:3	All therefore whatsoever they bid you observe, [that] observe and do; but do not ye after their works: for they say, and do not.	итак все, что они велят вам соблюдать, соблюдайте и делайте; по делам же их не поступайте, ибо они говорят, и не делают:
MAT 24:15	When ye therefore shall see the abomination of desolation, spoken of by Daniel the prophet, stand in the holy place, (whoso readeth, let him understand:)	Итак, когда увидите мерзость запустения, реченную через пророка Даниила, стоящую на святом месте, - читающий да разумеет, -
MAT 26:17	¶ Now the first [day] of the feast of unleavened bread the disciples came to Jesus, saying unto him, Where wilt thou that we prepare for thee to eat the passover?	В первый же день опресночный приступили ученики к Иисусу и сказали Ему: где велишь нам приготовить Тебе пасху?
MAT 5:14	Ye are the light of the world. A city that is set on an hill cannot be hid.	Вы - свет мира. Не может укрыться город, стоящий на верху горы.
MAT 5:8	Blessed [are] the pure in heart: for they shall see God.	Блаженны чистые сердцем, ибо они Бога узрят.
MAT 7:6	¶ Give not that which is holy unto the dogs, neither cast ye your pearls before swine, lest they trample them under their feet, and turn again and rend you.	Не давайте святыни псам и не бросайте жемчуга вашего перед свиньями, чтобы они не попрали его ногами своими и, обратившись, не растерзали вас.
MAT 8:13	And Jesus said unto the centurion, Go thy way; and as thou hast believed, [so] be it done unto thee. And his servant was healed in the selfsame hour.	И сказал Иисус сотнику: иди, и, как ты веровал, да будет тебе. И выздоровел слуга его в тот час.
MAT 8:24	And, behold, there arose a great tempest in the sea, insomuch that the ship was covered with the waves: but he was asleep.	И вот, сделалось великое волнение на море, так что лодка покрывалась волнами; а Он спал.
MAT 8:7	And Jesus saith unto him, I will come and heal him.	Иисус говорит ему: Я приду и исцелю его.
MIC 5:7	And the remnant of Jacob shall be in the midst of many people as a dew from the LORD, as the showers upon the grass, that tarrieth not for man, nor waiteth for the sons of men.	И будет остаток Иакова среди многих народов как роса от Господа, как ливень на траве, и он не будет зависеть от человека и полагаться на сынов Адамовых.
MIC 5:9	Thine hand shall be lifted up upon thine adversaries, and all thine enemies shall be cut off.	Поднимется рука твоя над врагами твоими, и все неприятели твои будут истреблены.
NEH 10:4	Hattush, Shebaniah, Malluch,	Хаттуш, Шевания, Маллух,
NEH 11:33	Hazor, Ramah, Gittaim,	Гацоре, Раме, Гиффаиме,
NEH 12:45	And both the singers and the porters kept the ward of their God, and the ward of the purification, according to the commandment of David, [and] of Solomon his son.	которые совершали службу Богу своему и дела очищения и были певцами и привратниками по установлению Давида и сына его Соломона.
NEH 3:11	Malchijah the son of Harim, and Hashub the son of Pahath-moab, repaired the other piece, and the tower of the furnaces.	На втором участке чинил Малхия, сын Харима, и Хашшув, сын Пахаф-Моава; они же чинили и башню Печную.
NEH 3:15	But the gate of the fountain repaired Shallun the son of Col-hozeh, the ruler of part of Mizpah; he built it, and covered it, and set up the doors thereof, the locks thereof, and the bars thereof, and the wall of the pool of Siloah by the king’s garden, and unto the stairs that go down from the city of David.	Ворота Источника чинил Шаллум, сын Колхозея, начальник округа Мицфы: он построил их, и покрыл их, и вставил двери их, замки их и засовы их,- он же чинил стену у водоема Селах против царского сада и до ступеней, спускающихся из города Давидова.
NEH 6:12	And, lo, I perceived that God had not sent him; but that he pronounced this prophecy against me: for Tobiah and Sanballat had hired him.	Я знал, что не Бог послал его, хотя он пророчески говорил мне, но что Товия и Санаваллат подкупили его.
NEH 6:18	For [there were] many in Judah sworn unto him, because he [was] the son in law of Shechaniah the son of Arah; and his son Johanan had taken the daughter of Meshullam the son of Berechiah.	Ибо многие в Иудее были в клятвенном союзе с ним, потому что он был зять Шехании, сын Арахова, а сын его Иоханан взял за себя дочь Мешуллама, сына Верехии.
NEH 6:9	For they all made us afraid, saying, Their hands shall be weakened from the work, that it be not done. Now therefore, [O God], strengthen my hands.	Ибо все они стращали нас, думая: опустятся руки их от дела сего, и оно не состоится; но я тем более укрепил руки мои.
NEH 7:73	So the priests, and the Levites, and the porters, and the singers, and [some] of the people, and the Nethinims, and all Israel, dwelt in their cities; and when the seventh month came, the children of Israel [were] in their cities.	И стали жить священники и левиты, и привратники и певцы, и народ и нефинеи, и весь Израиль в городах своих.
NEH 8:13	¶ And on the second day were gathered together the chief of the fathers of all the people, the priests, and the Levites, unto Ezra the scribe, even to understand the words of the law.	На другой день собрались главы поколений от всего народа, священники и левиты к книжнику Ездре, чтобы он изъяснял им слова закона.
NUM 10:11	¶ And it came to pass on the twentieth [day] of the second month, in the second year, that the cloud was taken up from off the tabernacle of the testimony.	Во второй год, во второй месяц, в двадцатый день месяца поднялось облако от скинии откровения;
NUM 14:14	And they will tell [it] to the inhabitants of this land: [for] they have heard that thou LORD [art] among this people, that thou LORD art seen face to face, and [that] thy cloud standeth over them, and [that] thou goest before them, by day time in a pillar of a cloud, and in a pillar of fire by night.	и скажут жителям земли сей, которые слышали, что Ты, Господь, находишься среди народа сего, и что Ты, Господь, даешь им видеть Себя лицом к лицу, и облако Твое стоит над ними, и Ты идешь пред ними днем в столпе облачном, а ночью в столпе огненном;
NUM 14:21	But [as] truly [as] I live, all the earth shall be filled with the glory of the LORD.	но жив Я, и всегда живет имя Мое, и славы Господней полна вся земля:
NUM 15:15	One ordinance [shall be both] for you of the congregation, and also for the stranger that sojourneth [with you], an ordinance for ever in your generations: as ye [are], so shall the stranger be before the LORD.	для вас, общество Господне, и для пришельца, живущего у вас, устав один, устав вечный в роды ваши: что вы, то и пришелец да будет пред Господом;
NUM 15:16	One law and one manner shall be for you, and for the stranger that sojourneth with you.	закон один и одни права да будут для вас и для пришельца, живущего у вас.
NUM 15:32	¶ And while the children of Israel were in the wilderness, they found a man that gathered sticks upon the sabbath day.	Когда сыны Израилевы были в пустыне, нашли человека, собиравшего дрова в день субботы;
NUM 21:12	¶ From thence they removed, and pitched in the valley of Zared.	оттуда отправились, и остановились на долине Заред;
NUM 22:41	And it came to pass on the morrow, that Balak took Balaam, and brought him up into the high places of Baal, that thence he might see the utmost [part] of the people.	На другой день утром Валак взял Валаама и возвел его на высоты Вааловы, чтобы он увидел оттуда часть народа.
NUM 26:12	¶ The sons of Simeon after their families: of Nemuel, the family of the Nemuelites: of Jamin, the family of the Jaminites: of Jachin, the family of the Jachinites:	Сыны Симеона по поколениям их: от Немуила поколение Немуилово, от Ямина поколение Яминово, от Яхина поколение Яхиново,
NUM 28:4	The one lamb shalt thou offer in the morning, and the other lamb shalt thou offer at even;	одного агнца приноси утром, а другого агнца приноси вечером;
NUM 2:4	And his host, and those that were numbered of them, [were] threescore and fourteen thousand and six hundred.	и воинства его, вошедших в исчисление его, семьдесят четыре тысячи шестьсот;
NUM 31:49	And they said unto Moses, Thy servants have taken the sum of the men of war which [are] under our charge, and there lacketh not one man of us.	и сказали Моисею: рабы твои сосчитали воинов, которые нам поручены, и не убыло ни одного из них;
NUM 31:6	And Moses sent them to the war, a thousand of [every] tribe, them and Phinehas the son of Eleazar the priest, to the war, with the holy instruments, and the trumpets to blow in his hand.	И послал их Моисей на войну, по тысяче из колена, их и Финееса, сына Елеазара, сына Аарона, священника, на войну, и в руке его священные сосуды и трубы для тревоги.
NUM 34:22	And the prince of the tribe of the children of Dan, Bukki the son of Jogli.	для колена сынов Дановых князь Буккий, сын Иоглии;
NUM 34:26	And the prince of the tribe of the children of Issachar, Paltiel the son of Azzan.	для колена сынов Иссахаровых князь Фалтиил, сын Аззана;
NUM 34:9	¶ And the border shall go on to Ziphron, and the goings out of it shall be at Hazar-enan: this shall be your north border.	оттуда пойдет граница к Цифрону, и выступы ее будут к Гацар-Енану: это будет у вас граница северная;
NUM 35:3	And the cities shall they have to dwell in; and the suburbs of them shall be for their cattle, and for their goods, and for all their beasts.	города будут им для жительства, а поля будут для скота их и для имения их и для всех житейских потребностей их;
NUM 6:20	And the priest shall wave them [for] a wave offering before the LORD: this [is] holy for the priest, with the wave breast and heave shoulder: and after that the Nazarite may drink wine.	и вознесет сие священник, потрясая пред Господом: эта святыня - для священника, сверх груди потрясания и сверх плеча возношения. После сего назорей может пить вино.
NUM 7:10	¶ And the princes offered for dedicating of the altar in the day that it was anointed, even the princes offered their offering before the altar.	И принесли начальники жертвы освящения жертвенника в день помазания его, и представили начальники приношение свое пред жертвенник.
NUM 7:31	His offering [was] one silver charger of the weight of an hundred and thirty [shekels], one silver bowl of seventy shekels, after the shekel of the sanctuary; both of them full of fine flour mingled with oil for a meat offering:	приношение его: одно серебряное блюдо, весом в сто тридцать сиклей, одна серебряная чаша в семьдесят сиклей, по сиклю священному, наполненные пшеничною мукою, смешанною с елеем, в приношение хлебное,
NUM 7:37	His offering [was] one silver charger, the weight whereof [was] an hundred and thirty [shekels], one silver bowl of seventy shekels, after the shekel of the sanctuary; both of them full of fine flour mingled with oil for a meat offering:	приношение его: одно серебряное блюдо, весом в сто тридцать сиклей, одна серебряная чаша в семьдесят сиклей, по сиклю священному, наполненные пшеничною мукою, смешанною с елеем, в приношение хлебное,
PHI 1:13	So that my bonds in Christ are manifest in all the palace, and in all other [places];	так что узы мои о Христе сделались известными всей претории и всем прочим,
PHI 1:29	For unto you it is given in the behalf of Christ, not only to believe on him, but also to suffer for his sake;	потому что вам дано ради Христа не только веровать в Него, но и страдать за Него
PRO 11:14	Where no counsel [is], the people fall: but in the multitude of counsellors [there is] safety.	При недостатке попечения падает народ, а при многих советниках благоденствует.
PRO 13:12	Hope deferred maketh the heart sick: but [when] the desire cometh, [it is] a tree of life.	Надежда, долго не сбывающаяся, томит сердце, а исполнившееся желание - как древо жизни.
PRO 15:13	A merry heart maketh a cheerful countenance: but by sorrow of the heart the spirit is broken.	Веселое сердце делает лице веселым, а при сердечной скорби дух унывает.
PRO 1:2	To know wisdom and instruction; to perceive the words of understanding;	чтобы познать мудрость и наставление, понять изречения разума;
PRO 23:34	Yea, thou shalt be as he that lieth down in the midst of the sea, or as he that lieth upon the top of a mast.	и ты будешь, как спящий среди моря и как спящий на верху мачты.
PRO 23:9	Speak not in the ears of a fool: for he will despise the wisdom of thy words.	В уши глупого не говори, потому что он презрит разумные слова твои.
PRO 25:17	Withdraw thy foot from thy neighbour’s house; lest he be weary of thee, and [so] hate thee.	Не учащай входить в дом друга твоего, чтобы он не наскучил тобою и не возненавидел тебя.
PRO 28:24	Whoso robbeth his father or his mother, and saith, [It is] no transgression; the same [is] the companion of a destroyer.	Кто обкрадывает отца своего и мать свою и говорит: “это не грех”, тот - сообщник грабителям.
PRO 29:5	A man that flattereth his neighbour spreadeth a net for his feet.	Человек, льстящий другу своему, расстилает сеть ногам его.
PRO 31:13	She seeketh wool, and flax, and worketh willingly with her hands.	Добывает шерсть и лен, и с охотою работает своими руками.
PRO 4:24	Put away from thee a froward mouth, and perverse lips put far from thee.	Отвергни от себя лживость уст, и лукавство языка удали от себя.
PRO 7:18	Come, let us take our fill of love until the morning: let us solace ourselves with loves.	зайди, будем упиваться нежностями до утра, насладимся любовью,
PRO 7:3	Bind them upon thy fingers, write them upon the table of thine heart.	Навяжи их на персты твои, напиши их на скрижали сердца твоего.
PSA 107:6	Then they cried unto the LORD in their trouble, [and] he delivered them out of their distresses.	Будь превознесен выше небес, Боже; над всею землею да будет слава Твоя,
PSA 10:3	For the wicked boasteth of his heart’s desire, and blesseth the covetous, [whom] the LORD abhorreth.	Когда разрушены основания, что сделает праведник?
PSA 110:6	He shall judge among the heathen, he shall fill [the places] with the dead bodies; he shall wound the heads over many countries.	Силу дел Своих явил Он народу Своему, чтобы дать ему наследие язычников.
PSA 112:1	Praise ye the LORD. Blessed [is] the man [that] feareth the LORD, [that] delighteth greatly in his commandments.	Аллилуия. Хвалите, рабы Господни, хвалите имя Господне.
PSA 135:3	Praise the LORD; for the LORD [is] good: sing praises unto his name; for [it is] pleasant.	Славьте Господа господствующих, ибо вовек милость Его;
PSA 22:1	To the chief Musician upon Aijeleth Shahar, A Psalm of David. My God, my God, why hast thou forsaken me? [why art thou so] far from helping me, [and from] the words of my roaring?	Псалом Давида. Господь - Пастырь мой; я ни в чем не буду нуждаться:
PSA 29:8	The voice of the LORD shaketh the wilderness; the LORD shaketh the wilderness of Kadesh.	По благоволению Твоему, Господи, Ты укрепил гору мою; но Ты сокрыл лице Твое, и я смутился.
PSA 31:3	For thou [art] my rock and my fortress; therefore for thy name’s sake lead me, and guide me.	Когда я молчал, обветшали кости мои от вседневного стенания моего,
PSA 32:6	For this shall every one that is godly pray unto thee in a time when thou mayest be found: surely in the floods of great waters they shall not come nigh unto him.	Словом Господа сотворены небеса, и духом уст Его - все воинство их:
PSA 40:9	I have preached righteousness in the great congregation: lo, I have not refrained my lips, O LORD, thou knowest.	“слово велиала пришло на него; он слег; не встать ему более”.
PSA 44:12	Thou sellest thy people for nought, and dost not increase [thy wealth] by their price.	И возжелает Царь красоты твоей; ибо Он Господь твой, и ты поклонись Ему.
PSA 64:7	But God shall shoot at them [with] an arrow; suddenly shall they be wounded.	поставивший горы силою Своею, препоясанный могуществом,
PSA 72:14	He shall redeem their soul from deceit and violence: and precious shall their blood be in his sight.	и подвергал себя ранам всякий день и обличениям всякое утро?
PSA 73:13	Verily I have cleansed my heart [in] vain, and washed my hands in innocency.	Ты расторг силою Твоею море, Ты сокрушил головы змиев в воде;
PSA 84:9	Behold, O God our shield, and look upon the face of thine anointed.	Послушаю, что скажет Господь Бог. Он скажет мир народу Своему и избранным Своим, но да не впадут они снова в безрассудство.
PSA 91:12	They shall bear thee up in [their] hands, lest thou dash thy foot against a stone.	и око мое смотрит на врагов моих, и уши мои слышат о восстающих на меня злодеях.
PSA 9:17	The wicked shall be turned into hell, [and] all the nations that forget God.	Познан был Господь по суду, который Он совершил; нечестивый уловлен делами рук своих.
REV 11:5	And if any man will hurt them, fire proceedeth out of their mouth, and devoureth their enemies: and if any man will hurt them, he must in this manner be killed.	И если кто захочет их обидеть, то огонь выйдет из уст их и пожрет врагов их; если кто захочет их обидеть, тому надлежит быть убиту.
REV 13:15	And he had power to give life unto the image of the beast, that the image of the beast should both speak, and cause that as many as would not worship the image of the beast should be killed.	И дано ему было вложить дух в образ зверя, чтобы образ зверя и говорил и действовал так, чтобы убиваем был всякий, кто не будет поклоняться образу зверя.
REV 18:2	And he cried mightily with a strong voice, saying, Babylon the great is fallen, is fallen, and is become the habitation of devils, and the hold of every foul spirit, and a cage of every unclean and hateful bird.	И воскликнул он сильно, громким голосом говоря: пал, пал Вавилон, великая блудница, сделался жилищем бесов и пристанищем всякому нечистому духу, пристанищем всякой нечистой и отвратительной птице; ибо яростным вином блудодеяния своего она напоила все народы,
REV 3:2	Be watchful, and strengthen the things which remain, that are ready to die: for I have not found thy works perfect before God.	Бодрствуй и утверждай прочее близкое к смерти; ибо Я не нахожу, чтобы дела твои были совершенны пред Богом Моим.
REV 4:11	Thou art worthy, O Lord, to receive glory and honour and power: for thou hast created all things, and for thy pleasure they are and were created.	достоин Ты, Господи, приять славу и честь и силу: ибо Ты сотворил все, и все по Твоей воле существует и сотворено.
ROM 10:12	For there is no difference between the Jew and the Greek: for the same Lord over all is rich unto all that call upon him.	Здесь нет различия между Иудеем и Еллином, потому что один Господь у всех, богатый для всех, призывающих Его.
ROM 11:21	For if God spared not the natural branches, [take heed] lest he also spare not thee.	Ибо если Бог не пощадил природных ветвей, то смотри, пощадит ли и тебя.
ROM 13:10	Love worketh no ill to his neighbour: therefore love [is] the fulfilling of the law.	Любовь не делает ближнему зла; итак любовь есть исполнение закона.
ROM 1:3	Concerning his Son Jesus Christ our Lord, which was made of the seed of David according to the flesh;	о Сыне Своем, Который родился от семени Давидова по плоти
ROM 2:17	Behold, thou art called a Jew, and restest in the law, and makest thy boast of God,	Вот ты называешься Иудеем, и успокаиваешь себя законом, и хвалишься Богом,
ROM 3:6	God forbid: for then how shall God judge the world?	Никак. Ибо иначе как Богу судить мир?
ROM 4:21	And being fully persuaded that, what he had promised, he was able also to perform.	и будучи вполне уверен, что Он силен и исполнить обещанное.
ROM 8:12	Therefore, brethren, we are debtors, not to the flesh, to live after the flesh.	Итак, братия, мы не должники плоти, чтобы жить по плоти;
ROM 8:19	For the earnest expectation of the creature waiteth for the manifestation of the sons of God.	Ибо тварь с надеждою ожидает откровения сынов Божиих,
RUT 1:10	And they said unto her, Surely we will return with thee unto thy people.	и сказали: нет, мы с тобою возвратимся к народу твоему.
RUT 1:5	And Mahlon and Chilion died also both of them; and the woman was left of her two sons and her husband.	Но потом и оба сына ее, Махлон и Хилеон, умерли, и осталась та женщина после обоих своих сыновей и после мужа своего.
RUT 2:20	And Naomi said unto her daughter in law, Blessed [be] he of the LORD, who hath not left off his kindness to the living and to the dead. And Naomi said unto her, The man [is] near of kin unto us, one of our next kinsmen.	И сказала Ноеминь снохе своей: благословен он от Господа за то, что не лишил милости своей ни живых, ни мертвых! И сказала ей Ноеминь: человек этот близок к нам; он из наших родственников.
SOL 1:14	My beloved [is] unto me [as] a cluster of camphire in the vineyards of En-gedi.	О, ты прекрасна, возлюбленная моя, ты прекрасна! глаза твои голубиные.
SOL 4:12	A garden inclosed [is] my sister, [my] spouse; a spring shut up, a fountain sealed.	Запертый сад - сестра моя, невеста, заключенный колодезь, запечатанный источник:
SOL 7:11	Come, my beloved, let us go forth into the field; let us lodge in the villages.	Я принадлежу другу моему, и ко мне обращено желание его.
TIT 1:3	But hath in due times manifested his word through preaching, which is committed unto me according to the commandment of God our Saviour;	а в свое время явил Свое слово в проповеди, вверенной мне по повелению Спасителя нашего, Бога, -
TIT 3:14	And let ours also learn to maintain good works for necessary uses, that they be not unfruitful.	Пусть и наши учатся упражняться в добрых делах, в удовлетворении необходимым нуждам, дабы не были бесплодны.
ZEC 10:8	I will hiss for them, and gather them; for I have redeemed them: and they shall increase as they have increased.	Я дам им знак и соберу их, потому что Я искупил их; они будут так же многочисленны, как прежде;
ZEC 11:16	For, lo, I will raise up a shepherd in the land, [which] shall not visit those that be cut off, neither shall seek the young one, nor heal that that is broken, nor feed that that standeth still: but he shall eat the flesh of the fat, and tear their claws in pieces.	Ибо вот, Я поставлю на этой земле пастуха, который о погибающих не позаботится, потерявшихся не будет искать и больных не будет лечить, здоровых не будет кормить, а мясо тучных будет есть и копыта их оторвет.
ZEC 14:9	And the LORD shall be king over all the earth: in that day shall there be one LORD, and his name one.	И Господь будет Царем над всею землею; в тот день будет Господь един, и имя Его едино.
ZEC 8:11	But now I [will] not [be] unto the residue of this people as in the former days, saith the LORD of hosts.	А ныне для остатка этого народа Я не такой, как в прежние дни, говорит Господь Саваоф.
ZEP 3:14	¶ Sing, O daughter of Zion; shout, O Israel; be glad and rejoice with all the heart, O daughter of Jerusalem.	Ликуй, дщерь Сиона! торжествуй, Израиль! веселись и радуйся от всего сердца, дщерь Иерусалима!
ZEP 3:15	The LORD hath taken away thy judgments, he hath cast out thine enemy: the king of Israel, [even] the LORD, [is] in the midst of thee: thou shalt not see evil any more.	Отменил Господь приговор над тобою, прогнал врага твоего! Господь, царь Израилев, посреди тебя: уже более не увидишь зла.
